,A1,A2,A3,A4,A5,A6,A7,A8,A9,A10,A11,A12,A13,A14,A15,A16
0,a,3.40756553825164,-0.9599806414168407,u,g,c,v,-0.6571778315531449,f,f,-0.5412592313176405,f,p,-0.10610081119270708,-0.1827731000827898,+
1,b,1.4782735367948185,0.7669521076856404,u,g,c,h,3.202683963079685,t,t,1.5176809380437974,f,g,-0.009172818491798188,0.11209781357843668,+
2,b,-0.6698912760405916,-0.6552278033399324,u,g,c,h,-0.2202414764007085,t,f,-0.5412592313176405,f,g,1.4224347986646757,-0.14713915281255094,+
3,a,1.3658793904112194,-0.35047496526302385,u,g,x,v,3.6272687604892964,t,t,-0.08371697145954318,t,g,1.9986420138687335,0.1208281306596452,+
4,b,0.8655986786887319,-0.6471010609912148,u,g,i,bb,0.4235834709440475,f,f,-0.5412592313176405,f,g,0.1987370014271918,-0.1827731000827898,+
5,b,-0.21862455296659095,0.9365978542151195,u,g,q,h,1.0921115337744536,t,t,0.8313675482566515,f,g,1.1788832953310018,-0.15284058437578915,+
6,a,0.5486978900131698,0.1574464315318235,u,g,q,v,-0.6185792136068166,t,f,-0.5412592313176405,t,g,0.2700203682565598,-0.1827731000827898,+
7,b,0.3095434281593458,0.05586215217285403,u,g,x,h,1.658739245226553,t,t,0.8313675482566515,t,g,-1.0843636015014322,-0.004603363731595549,+
8,b,-0.9369330072978649,0.18284250137156588,u,g,w,v,-0.12914873804737376,t,f,-0.5412592313176405,f,s,-0.3715299332077522,-0.1827731000827898,+
9,b,-0.733271433775704,1.0798316881112662,u,g,x,v,-0.6448262738103198,t,t,1.5176809380437974,f,g,-0.7279467673545921,-0.11221788448771687,+
10,a,-0.47975080283525434,-0.9599806414168407,u,g,c,v,-0.6571778315531449,f,f,-0.5412592313176405,f,p,-0.10610081119270708,-0.1827731000827898,+
11,b,1.7174279986486425,2.0875477393522432,u,g,c,v,1.9675281887971794,t,t,1.5176809380437974,f,g,-1.0843636015014322,-0.1827731000827898,+
12,b,1.4427806484631553,1.4780420631984268,u,g,m,v,4.283445265576877,t,f,-0.5412592313176405,f,s,-0.43093273889889216,-0.1827731000827898,+
13,a,1.0912320402257323,0.3941378024382224,u,g,q,v,1.6201406272802248,t,t,0.14505415846950548,t,g,-1.0843636015014322,-0.1827731000827898,+
14,a,-0.5220042413253293,-0.4439325022732758,y,p,aa,v,-0.5799805956604883,t,f,-0.5412592313176405,t,g,1.1135402090707478,-0.1827731000827898,+
15,b,-0.8389050300008913,0.5637835489677014,u,g,aa,v,-0.2202414764007085,t,t,-0.31248810138859184,f,g,-0.6091411559723121,1.5632903161589138,+
16,b,0.738838363218507,0.36061499024976246,u,g,aa,bb,0.4235834709440475,t,t,-0.31248810138859184,f,g,-1.0843636015014322,-0.09368823190719267,+
17,b,-1.2749605152184644,-0.9518538990681231,u,g,c,v,-0.6448262738103198,f,f,-0.5412592313176405,f,g,-1.0843636015014322,-0.1827731000827898,+
18,b,1.4292595481463317,0.5891796188074437,u,g,w,h,4.129050793791564,t,t,2.2039943278309435,f,g,-1.0843636015014322,-0.04201900836534634,+
19,a,1.8230615948738298,2.0875477393522432,u,g,c,v,1.0411613580853003,t,t,2.661536587689041,f,g,-1.0843636015014322,0.20920031988983753,+
20,b,-0.6766518261990034,-0.7568120826989018,u,g,c,v,-0.3993390636716718,t,f,-0.5412592313176405,f,s,0.6977205692327677,-0.1827731000827898,+
21,b,-0.5710182299738161,1.6304184822368808,u,g,c,bb,0.8095696504073305,t,t,-0.08371697145954318,f,g,-0.6507231199561101,-0.10366573714285955,+
22,a,2.3165817564379054,-0.05384886953483301,u,g,q,h,0.2815405569015594,t,t,0.8313675482566515,f,g,-0.8289315370295302,-0.08299804772612102,+
23,b,0.23855765149601962,-0.9437271567194057,y,p,m,bb,-0.6448262738103198,t,t,-0.31248810138859184,t,g,0.5789149578504877,0.1735663726195987,+
24,b,-0.9369330072978649,0.6999064833087205,u,g,aa,v,-0.051951502154717145,t,t,2.661536587689041,f,g,-0.7279467673545921,-0.1546222817393011,+
25,b,-0.7256658148474903,-0.9264578292283808,u,g,c,j,0.037597291480764516,f,f,-0.5412592313176405,t,s,-1.0843636015014322,-0.1827731000827898,+
26,b,0.8867253979337694,-0.7649388250476193,u,g,x,v,0.1147945273734211,t,f,-0.5412592313176405,f,g,1.9451794887467075,-0.07587125827207325,+
27,b,-0.9791864457879399,-0.8837924318976136,u,g,q,v,-0.03959994441189208,t,t,-0.08371697145954318,t,g,-0.6091411559723121,-0.1827731000827898,+
28,b,0.1963042130059447,-0.4012671049425086,u,g,m,v,0.6551751786220172,t,t,0.8313675482566515,f,g,0.1274536345978238,-0.1827731000827898,+
29,b,0.27405053982768274,-0.13917966419636735,y,p,i,bb,1.9675281887971794,t,t,1.0601386781857,t,g,0.0739911094757978,-0.1827731000827898,+
30,b,-0.9158062880528275,0.5637835489677014,u,g,k,v,-0.19399441619720528,t,t,-0.31248810138859184,f,g,-0.13391871044319217,-0.14108138177661034,+
31,a,-0.8879190186493782,1.1397664129330585,u,g,cc,h,-0.553733535456985,t,t,-0.31248810138859184,t,g,-0.6091411559723121,-0.1738646132652301,+
32,b,1.696301279403605,1.0717049457625487,u,g,i,bb,-0.6571778315531449,t,t,1.9752231979018946,f,g,-1.0843636015014322,0.03976090061985182,+
33,b,-0.9301724571394531,1.0635782034138315,u,g,e,dd,-0.6571778315531449,t,f,-0.5412592313176405,f,g,-1.0843636015014322,-0.1827731000827898,+
34,a,1.5906676831784177,1.5877530849061137,u,g,aa,v,0.04994884922358958,t,t,0.14505415846950548,t,g,-0.15767983271964817,-0.1827731000827898,+
35,b,0.24616327042423342,0.9030750420266594,u,g,c,v,0.7323724145146739,t,t,2.2039943278309435,t,g,-1.0843636015014322,-0.14339758834917588,+
36,b,-0.691017995285629,1.3764577838394572,u,g,i,v,0.4235834709440475,t,t,1.5176809380437974,f,g,-0.7517078896310482,-0.050571155710203666,+
37,b,0.2951772590727202,2.0875477393522432,u,g,r,n,1.002562740138972,t,t,1.5176809380437974,t,g,-1.0843636015014322,-0.15889835541172975,+
38,a,2.182215822039467,3.0018062535829686,u,g,c,v,1.0411613580853003,t,t,1.0601386781857,f,g,-1.0843636015014322,0.35173610897079294,+
39,a,-0.2608779914566659,-0.8837924318976136,u,g,q,v,-0.4765362995643284,t,t,0.37382528839855417,f,g,-0.6091411559723121,-0.1827731000827898,+
40,b,0.11940295495400859,0.8685363870446099,y,p,w,h,0.9639641221926437,t,f,-0.5412592313176405,t,g,-0.16956039385787616,-0.1827731000827898,+
41,a,-0.7467925340925277,1.3256656441599726,y,p,x,h,-0.4255861238751751,t,t,0.37382528839855417,f,g,-1.0843636015014322,-0.12558061471405643,+
42,b,-0.2896103296299171,-0.6552278033399324,u,g,w,v,-0.03959994441189208,t,t,1.9752231979018946,t,g,1.4937181654940437,-0.176537159310498,+
43,b,1.4639073677081929,-0.9183310868796632,y,p,k,v,-0.5799805956604883,t,t,1.9752231979018946,f,g,1.1729430147618878,0.3039866196286729,+
44,b,-0.38087775676847885,-0.7314160128591594,u,g,x,h,-0.2711916520898619,t,f,-0.5412592313176405,f,g,-1.0843636015014322,0.7611701631058374,+
45,a,0.40081085529790755,-0.7568120826989018,u,g,c,v,-0.03959994441189208,t,t,1.9752231979018946,f,g,-1.0843636015014322,-0.10152770030664522,+
46,a,-1.050172222451266,0.9701206664035793,u,g,w,v,-0.155395798250877,t,t,0.8313675482566515,t,g,-0.8467523787368721,-0.07587125827207325,+
47,b,1.1613727481192564,0.7669521076856404,u,g,cc,h,3.6658673784356246,t,t,-0.31248810138859184,t,g,-0.5616189114194001,0.1735663726195987,+
48,a,2.13320183339098,2.2907162980701825,u,g,j,ff,-0.6571778315531449,t,t,2.8903077176180894,f,g,-1.0843636015014322,-0.13876517520404483,+
49,b,0.9222182862654325,0.0639888945215716,u,g,q,h,3.2798811989723418,t,f,-0.5412592313176405,t,g,-0.5378577891429441,-0.1827731000827898,+
50,b,0.11940295495400859,0.1574464315318235,u,g,q,h,1.0411613580853003,t,t,2.2039943278309435,t,g,1.3392708706970797,-0.004603363731595549,+
51,a,-0.2397512722116284,-0.2488906859040544,u,g,w,v,-0.3993390636716718,t,f,-0.5412592313176405,f,s,0.5789149578504877,-0.1827731000827898,+
52,b,-1.2825661341466783,-0.8076042223783865,u,g,c,v,-0.11679718030454868,t,t,0.6025964183276028,t,g,1.0066151588266956,-0.05983598200046576,+
53,a,-0.5287647914837411,1.5450876875753465,u,g,cc,h,0.4235834709440475,t,t,0.8313675482566515,f,g,1.2917486261441677,-0.10117136083394283,+
54,a,-0.4653846337486287,-0.8583963620578713,u,g,c,h,-0.3869875059288468,t,f,-0.5412592313176405,t,g,1.8323141579335416,-0.1827731000827898,+
55,b,-0.296370879788329,-0.8411270345668465,y,p,cc,v,-0.5799805956604883,t,t,-0.08371697145954318,f,g,0.4601093464682078,-0.09368823190719267,+
56,b,-0.5989054993772654,-0.7822081525386442,u,g,q,v,0.7709710324610022,t,t,-0.08371697145954318,t,g,2.0045822944378475,0.1735663726195987,+
57,b,-1.0214398842780148,0.9701206664035793,u,g,w,v,-0.19399441619720528,t,f,-0.5412592313176405,f,g,-0.3715299332077522,0.2102693383079447,+
58,b,-1.0079187839611912,0.9701206664035793,u,g,q,v,-0.3483888879825185,t,f,-0.5412592313176405,t,g,-0.7279467673545921,-0.1115052055423121,+
59,b,-1.4794671575104272,-0.14730640654508492,y,p,w,v,-0.11679718030454868,t,t,-0.08371697145954318,t,g,-0.3715299332077522,-0.004603363731595549,+
60,b,-0.5287647914837411,1.3256656441599726,u,g,c,v,0.1147945273734211,t,t,3.3478499774761867,f,g,0.10369251232136781,0.03245594142945285,+
61,b,-0.9158062880528275,-0.5871663361694227,u,g,c,v,0.037597291480764516,t,t,-0.31248810138859184,f,g,-0.49033554459003215,-0.15604763963011065,+
62,b,2.0841878447424933,1.3764577838394572,u,g,ff,ff,0.8867668862999871,t,t,0.6025964183276028,f,g,-1.0843636015014322,1.3942072363616305,+
63,b,-0.9158062880528275,0.4621992696087319,u,g,c,v,-0.155395798250877,t,t,0.14505415846950548,f,g,0.10369251232136781,0.0650610031817214,+
64,a,1.5695409639333802,1.80006422876636,u,g,k,h,1.9675281887971794,t,f,-0.5412592313176405,t,g,-1.0843636015014322,-0.1827731000827898,+
65,a,-0.3665115876818532,1.782794901275335,u,g,q,h,0.8867668862999871,t,t,-0.08371697145954318,f,g,-1.0843636015014322,0.7080755816731815,+
66,a,0.09067061678075733,-0.8502696197091537,u,g,cc,v,-0.6448262738103198,t,f,-0.5412592313176405,f,g,1.5293598489087277,1.8086300431145081,+
67,b,-0.9090457378944156,1.0717049457625487,y,p,c,v,0.1147945273734211,t,f,-0.5412592313176405,f,s,-0.8467523787368721,-0.1827731000827898,+
68,b,-0.6834123763574153,-0.9599806414168407,u,g,c,v,-0.6571778315531449,f,f,-0.5412592313176405,f,p,-0.10610081119270708,-0.1827731000827898,+
69,b,0.6754582054833946,0.9701206664035793,u,g,m,v,1.3499503016559267,t,t,2.661536587689041,f,g,0.34130373508592776,0.6380548752871621,+
70,b,2.0909483949009053,1.5796263425573962,u,g,k,h,1.8131337170118662,t,f,-0.5412592313176405,t,g,-0.9417968678426961,0.17855512523743214,+
71,b,0.034896077973858707,-0.7913507376809514,u,g,x,v,-0.24494459188635864,t,t,1.2889098081147488,t,g,0.7155414109401097,0.4034053325126393,+
72,b,0.901091567020395,-0.8746498467553064,u,g,c,h,-0.5923321534033134,t,t,0.8313675482566515,f,g,0.2224981237036478,-0.01386819002185765,+
73,a,0.15405077451586974,-0.020326057346373078,u,g,q,h,-0.155395798250877,t,t,-0.08371697145954318,f,g,-1.0843636015014322,-0.1827731000827898,+
74,b,-0.4865113529936662,-0.8837924318976136,u,g,m,v,-0.5799805956604883,t,t,0.14505415846950548,f,g,0.4601093464682078,2.5090152767110525,+
75,b,0.6822187556418065,0.2336346410510506,u,g,cc,h,2.430711604153119,t,t,2.661536587689041,t,g,1.2858083455750537,-0.1827731000827898,+
76,a,1.3303865020795562,1.6812106219163654,u,g,i,bb,0.9377170619891404,t,t,1.5176809380437974,t,g,-1.0843636015014322,-0.1827731000827898,+
77,b,1.4639073677081929,0.36061499024976246,u,g,q,h,1.1955558298706135,t,f,-0.5412592313176405,t,g,0.9947345976884677,-0.1827731000827898,+
78,a,-0.733271433775704,1.224081364801003,u,g,q,v,-0.5290304199713349,t,t,0.6025964183276028,t,g,-1.0843636015014322,-0.08299804772612102,+
79,a,-0.5287647914837411,-0.7822081525386442,u,g,x,h,-0.3360373302396934,t,f,-0.5412592313176405,t,g,-0.13391871044319217,0.8613015549352085,+
80,b,-0.3386243182784039,-0.6379584758489075,u,g,cc,h,-0.09055012010104545,t,t,2.2039943278309435,t,g,2.3788199702920294,-0.0557380780643883,+
81,b,-0.7256658148474903,-0.4439325022732758,y,p,c,h,0.14104158757692434,t,f,-0.5412592313176405,f,g,-1.0843636015014322,-0.1827731000827898,+
82,b,0.46419101303301996,-0.9345845715770984,y,p,c,v,-0.19399441619720528,f,f,-0.5412592313176405,t,g,0.2937814905330158,-0.16263991987510484,+
83,b,1.9498219103440546,0.4114071299292472,u,g,c,h,0.1533931453197494,t,t,1.9752231979018946,t,g,-1.0843636015014322,-0.13217289495905063,+
84,b,-0.6834123763574153,1.3002695743202302,u,g,x,h,-0.5151349175106568,t,t,-0.31248810138859184,f,g,-0.49033554459003215,-0.1827731000827898,+
85,b,0.05602279721889617,-0.05384886953483301,u,g,cc,h,1.2079073876134385,t,t,0.14505415846950548,f,g,0.7630636554930218,-0.12932217917743152,+
86,a,-0.9090457378944156,1.444519251009967,u,g,c,h,1.1955558298706135,t,f,-0.5412592313176405,f,g,0.9353317919973277,-0.1827731000827898,+
87,a,-1.1558058186764535,0.8685363870446099,u,g,aa,v,-0.23259303414353358,t,f,-0.5412592313176405,t,g,-1.0843636015014322,-0.1827731000827898,+
88,b,0.18954366284753285,-0.6044356636604475,u,g,x,h,0.7323724145146739,t,t,0.37382528839855417,t,g,0.4185273824844098,-0.030081636029816325,+
89,a,1.3658793904112194,0.6653678283266709,u,g,e,bb,1.3499503016559267,t,t,0.8313675482566515,f,g,1.1432416119163178,8.921700427463236,+
90,b,0.823345240198657,-0.9518538990681231,u,g,e,v,-0.6448262738103198,f,t,-0.31248810138859184,f,s,2.2421935172024074,-0.1827731000827898,+
91,a,2.5067222296432425,0.05586215217285403,u,g,aa,v,0.5779779427293606,t,t,0.37382528839855417,f,g,-1.0843636015014322,-0.16513429618402156,+
92,b,-0.9445386262260786,-0.9345845715770984,u,g,q,v,-0.3483888879825185,f,t,-0.31248810138859184,f,g,0.34130373508592776,-0.04593874256507261,+
93,b,0.6686976553249828,-0.62983173350019,u,g,c,v,-0.19399441619720528,t,t,1.746452067972846,f,g,0.02052858435377181,0.6546246607678232,+
94,a,-0.5498915107287786,-0.35047496526302385,u,g,q,h,-0.09055012010104545,t,t,3.805392237334284,f,g,-1.0843636015014322,-0.09368823190719267,+
95,b,-0.6766518261990034,-0.14730640654508492,u,g,c,bb,-0.5799805956604883,t,f,-0.5412592313176405,t,g,-0.13391871044319217,-0.1827731000827898,+
96,b,-0.4653846337486287,-0.8583963620578713,u,g,c,v,-0.20634597394003035,t,t,0.6025964183276028,t,g,0.7690039360621358,-0.1827731000827898,+
97,b,-0.5220042413253293,-0.6125624060091651,u,g,x,v,-0.14304424050805192,t,t,-0.31248810138859184,t,g,1.2620472232985978,-0.1792097053557659,+
98,b,1.3870061096562567,-0.4520592446219934,u,g,m,bb,0.1147945273734211,t,t,2.2039943278309435,t,g,1.3511514318353077,0.2644329381587078,+
99,b,3.563058191895116,2.6462612758265753,u,g,ff,ff,-0.6571778315531449,t,f,-0.5412592313176405,t,g,-1.0843636015014322,-0.1827731000827898,+
100,b,-0.3386243182784039,-0.6217049911514724,u,g,cc,h,0.9130139465034903,t,t,1.5176809380437974,f,g,1.2858083455750537,-0.035426728120352156,+
101,b,0.3306701474043833,-0.4520592446219934,u,g,k,v,0.7323724145146739,t,t,1.0601386781857,f,g,-0.19332151613433218,0.043502465083226895,+
102,b,1.4292595481463317,-0.2488906859040544,u,g,aa,v,0.4235834709440475,t,f,-0.5412592313176405,f,s,0.2819009293947878,-0.1827731000827898,+
103,b,0.25292382058264523,-0.35047496526302385,u,g,cc,h,1.6324921850230498,t,f,-0.5412592313176405,t,g,-1.0843636015014322,-0.1827731000827898,+
104,b,-0.5008775220802918,-0.8421428773604361,u,g,c,v,-0.5676290379176632,t,t,1.0601386781857,t,g,-0.5140966668664881,0.7301686289807295,+
105,a,-0.6766518261990034,0.2336346410510506,u,g,q,v,0.32168311956574075,t,t,1.746452067972846,f,g,-0.3715299332077522,-0.13912151467674722,+
106,a,-0.43749736434517944,0.8004749198741001,u,g,aa,v,-0.2202414764007085,t,f,-0.5412592313176405,f,g,-0.13391871044319217,-0.15604763963011065,+
107,a,-1.056932772609678,0.5637835489677014,u,g,q,v,0.17964020552325263,t,t,0.6025964183276028,f,g,-0.10610081119270708,4.578991273639227,+
108,b,1.3870061096562567,-0.9010617593886384,u,g,c,bb,3.974656322006251,t,t,4.034163367263333,f,g,-1.0843636015014322,2.489772945185124,+
109,b,-0.7966515915108164,1.2748735044804878,u,g,x,v,-0.5676290379176632,t,t,0.8313675482566515,f,g,-0.36558965263863813,-0.1827731000827898,+
110,b,0.5343317209265442,-0.9599806414168407,u,g,c,v,-0.6571778315531449,f,f,-0.5412592313176405,f,p,-0.10610081119270708,-0.1827731000827898,+
111,a,0.8512325096021063,-0.7568120826989018,u,g,i,bb,0.037597291480764516,t,f,-0.5412592313176405,t,g,-1.0843636015014322,-0.12932217917743152,+
112,a,-0.04961079900629118,1.4780420631984268,u,g,c,v,-0.03959994441189208,t,t,-0.31248810138859184,f,g,0.2224981237036478,-0.1793878750921171,+
113,a,-0.0005968103578043906,-0.19809854622456965,u,g,cc,h,-0.4641847418215034,t,t,1.5176809380437974,t,g,-0.009172818491798188,-0.1827731000827898,+
114,b,0.5208106206097205,-0.5455167816322453,u,g,w,v,-0.6448262738103198,t,f,-0.5412592313176405,t,g,1.2917486261441677,0.8506113707541368,+
115,b,1.7951743254703805,0.36061499024976246,u,g,k,v,1.2851046235060952,t,t,2.8903077176180894,f,g,-1.0843636015014322,1.813084286523288,+
116,a,-0.9234119069810413,1.0717049457625487,u,g,c,h,-0.3483888879825185,t,t,0.37382528839855417,f,g,-0.7873495730457322,0.07824556367170978,+
117,a,2.287849418264654,1.0717049457625487,u,g,q,v,0.5779779427293606,t,t,2.661536587689041,f,g,-1.0843636015014322,0.10265481755182339,+
118,b,-1.0780594918547153,-0.5536435239809628,u,g,i,v,-0.19399441619720528,t,t,-0.08371697145954318,f,g,-0.3715299332077522,-0.12932217917743152,+
119,b,-0.16961056431810415,2.044882342021476,u,g,aa,v,0.8991184440428122,t,t,0.6025964183276028,t,g,-0.08639646589028017,-0.1827731000827898,+
120,b,0.3306701474043833,-0.04572212718611545,u,g,x,h,1.1183585939779568,f,f,-0.5412592313176405,t,s,3.1391758831386216,-0.1827731000827898,+
121,a,-1.0425666035230523,0.9193285267240946,y,p,c,v,-0.3483888879825185,t,t,0.37382528839855417,t,g,-0.6091411559723121,-0.09368823190719267,+
122,b,-0.3031314299467408,1.8335870409548196,u,g,w,v,1.1183585939779568,t,f,-0.5412592313176405,t,g,1.8085530356570856,-0.09368823190719267,+
123,b,-0.7256658148474903,1.1732892251215183,u,g,q,h,-0.24494459188635864,t,f,-0.5412592313176405,f,g,-0.49033554459003215,-0.1827731000827898,+
124,b,1.9151740907821935,0.9955167362433217,u,g,e,v,2.0184783644863327,t,t,0.6025964183276028,f,g,-1.0843636015014322,-0.1827731000827898,+
125,b,-1.0003131650329773,0.36061499024976246,u,g,w,h,-0.20634597394003035,t,t,1.0601386781857,f,g,-0.6091411559723121,0.343540301098638,+
126,a,2.7737639609005162,-0.9264578292283808,u,g,ff,ff,-0.6571778315531449,t,t,-0.31248810138859184,f,g,0.2937814905330158,-0.16495612644767038,+
127,b,0.9501055556688818,0.03859282468182922,y,p,w,v,0.3201391748478877,t,f,-0.5412592313176405,t,g,-0.7754690119075042,0.07414765973563231,+
128,b,-0.09186423749636612,0.36061499024976246,u,g,cc,v,0.3077876171050626,t,t,1.2889098081147488,f,g,0.8759289863061878,0.0310305835386433,+
129,b,-0.3876383069268907,-0.09651426686560019,u,g,cc,v,0.6675267363648424,t,t,-0.31248810138859184,t,g,-0.3715299332077522,-0.1827731000827898,+
130,b,2.1543285526360174,1.5288342028779114,u,g,m,v,-0.2711916520898619,t,t,0.37382528839855417,t,g,0.10369251232136781,-0.1827731000827898,+
131,b,0.24616327042423342,0.10665429185233877,u,g,w,v,-0.6309307713496416,f,f,-0.5412592313176405,t,g,0.6383177635416277,-0.18170408166468263,+
132,b,1.457146817549781,-0.09651426686560019,u,g,m,v,-0.6185792136068166,t,f,-0.5412592313176405,t,g,0.2521995265492178,-0.1827731000827898,+
133,b,2.139962383549392,2.79863769486503,u,g,d,bb,3.974656322006251,t,t,3.3478499774761867,t,g,-1.0843636015014322,-0.1827731000827898,+
134,b,-0.8667922994043407,-0.35047496526302385,y,p,d,v,-0.32214182777901523,t,t,1.2889098081147488,t,g,-0.13391871044319217,-0.1825949303464386,+
135,a,-0.6622856571123779,-0.799477480029669,y,p,q,v,-0.19399441619720528,t,t,-0.08371697145954318,t,g,-0.6091411559723121,-0.1115052055423121,+
136,b,-0.4653846337486287,-0.8076042223783865,u,g,c,bb,-0.5799805956604883,t,f,-0.5412592313176405,f,g,0.9887943171193537,-0.17867519614671232,+
137,a,1.3515132213245937,-0.8076042223783865,u,g,q,h,0.1919917632660777,t,t,-0.31248810138859184,f,g,0.8937498280135298,-0.023845695257524526,+
138,b,0.9991195443173686,-0.8837924318976136,y,p,c,v,-0.54138197771416,t,t,1.2889098081147488,t,g,0.6977205692327677,-0.15390960279389632,+
139,b,-0.44425791450359126,-0.7568120826989018,u,g,q,v,-0.11679718030454868,t,f,-0.5412592313176405,t,g,0.5789149578504877,-0.1827731000827898,+
140,a,0.8377114092852825,0.36061499024976246,u,g,q,v,-0.5027833597678316,t,t,0.14505415846950548,t,g,-0.22302291897990217,-0.1827731000827898,+
141,b,0.9779928250723311,-0.020326057346373078,u,g,q,v,0.757075530000324,t,f,-0.5412592313176405,f,s,-1.0843636015014322,-0.1827731000827898,+
142,b,0.9078521171788069,-0.9183310868796632,u,g,i,h,0.9253655042463154,t,f,-0.5412592313176405,f,g,1.2917486261441677,-0.1827731000827898,+
143,b,0.6610920363967691,0.259030710890793,u,g,m,v,-0.2588400943470368,t,t,0.6025964183276028,t,g,-0.44281330003712016,0.012679100694470292,+
144,b,-0.09186423749636612,-0.8583963620578713,u,g,c,v,-0.11679718030454868,t,t,1.9752231979018946,f,g,-0.8942746232897841,-0.0865614424531449,+
145,b,-0.3597510375234414,-0.6552278033399324,y,p,w,v,-0.54138197771416,t,f,-0.5412592313176405,t,g,0.4601093464682078,0.006977669131232077,+
146,a,-1.050172222451266,0.9782474087522967,u,g,aa,v,-0.6309307713496416,t,f,-0.5412592313176405,f,g,-0.49033554459003215,-0.1827731000827898,+
147,b,-0.6200322186223028,-0.6552278033399324,u,g,d,h,-0.07819856235822038,t,t,0.8313675482566515,f,g,0.10369251232136781,-0.12451159629594928,+
148,b,-1.1203129303447903,-0.9264578292283808,u,g,q,n,-0.5923321534033134,f,f,-0.5412592313176405,f,g,0.10369251232136781,-0.17564631062874203,+
149,a,0.5909513285032447,0.259030710890793,u,g,k,v,-0.3483888879825185,t,f,-0.5412592313176405,t,g,-1.0843636015014322,-0.1827731000827898,+
150,b,-0.14172329491465482,-0.04572212718611545,u,g,w,v,1.658739245226553,t,t,-0.08371697145954318,t,g,0.8759289863061878,-0.1827731000827898,+
151,b,0.9078521171788069,1.0290395484317814,u,g,x,h,1.8007821592690412,t,t,1.2889098081147488,f,g,-1.0843636015014322,-0.1827731000827898,+
152,b,0.7320778130600952,0.3016961082215602,u,g,q,v,-0.6448262738103198,t,t,-0.31248810138859184,f,g,0.10369251232136781,-0.12932217917743152,+
153,a,3.1616505262394043,2.0875477393522432,u,g,e,z,-0.6571778315531449,t,t,2.661536587689041,f,g,-1.0843636015014322,0.418727929838842,+
154,a,0.37968413605287005,-0.7740814101899266,u,g,aa,v,-0.4255861238751751,t,t,0.37382528839855417,f,g,-1.0843636015014322,0.0992695925611507,+
155,b,2.4357364529799166,1.9859634599932738,u,g,ff,ff,4.90102315271813,t,t,2.8903077176180894,t,g,-1.0843636015014322,-0.004603363731595549,+
156,a,-0.0639769680929168,0.36061499024976246,u,g,c,bb,0.5779779427293606,t,t,1.0601386781857,t,g,-1.0843636015014322,0.36331714183362057,+
157,b,0.24616327042423342,-0.6471010609912148,u,g,cc,v,-0.18164285845438022,t,t,-0.31248810138859184,t,g,2.0045822944378475,8.725713717476923,+
158,b,-0.11299095674140358,-0.5871663361694227,u,g,c,h,0.6814222388255206,t,f,-0.5412592313176405,f,g,0.4601093464682078,-0.14713915281255094,+
159,a,-0.1484838450730667,-0.8665231044065889,u,g,k,v,-0.4904318020250066,t,t,0.37382528839855417,f,g,1.1729430147618878,-0.09368823190719267,+
160,b,-0.9369330072978649,0.9193285267240946,u,g,c,v,-0.14304424050805192,t,t,0.14505415846950548,t,g,-0.8467523787368721,-0.17778434746495636,+
161,b,-0.7121447145306665,-0.35047496526302385,u,g,m,v,-0.2588400943470368,t,t,-0.31248810138859184,f,g,0.4601093464682078,-0.0402373110018344,+
162,a,-1.050172222451266,-0.06299145467714025,y,p,c,h,0.2691889991587343,t,f,-0.5412592313176405,f,g,0.34130373508592776,-0.1827731000827898,+
163,a,-0.5710182299738161,-0.8583963620578713,u,g,q,h,-0.19399441619720528,t,f,-0.5412592313176405,f,g,0.5789149578504877,-0.03596123732940574,+
164,b,0.08391006662234549,-0.9264578292283808,y,p,c,h,0.3463862350513909,t,t,-0.31248810138859184,t,g,1.4818376043558157,1.2425847907267642,+
165,b,1.7039068983318189,-0.9518538990681231,u,g,x,h,-0.6448262738103198,t,f,-0.5412592313176405,f,g,-1.0843636015014322,0.35173610897079294,+
166,b,-0.6834123763574153,-0.9599806414168407,u,g,cc,v,-0.6309307713496416,t,f,-0.5412592313176405,f,g,-1.0843636015014322,-0.1827731000827898,+
167,b,2.4010886334180555,-0.6471010609912148,u,g,q,v,-0.6185792136068166,t,f,-0.5412592313176405,t,g,0.4601093464682078,-0.1827731000827898,+
168,b,-0.25411744129825403,-0.7822081525386442,u,g,m,v,-0.36074044572534353,t,t,0.14505415846950548,t,g,1.2679875038677118,-0.1827731000827898,+
169,b,-0.2896103296299171,-0.6471010609912148,u,g,w,v,0.5007807068367041,t,t,0.6025964183276028,t,g,-0.49033554459003215,-0.1822385908737362,+
170,b,-0.5431309605703668,-0.4012671049425086,u,g,c,v,0.037597291480764516,t,t,0.8313675482566515,f,g,-0.10610081119270708,-0.07587125827207325,+
171,a,-0.7467925340925277,0.19096924372028343,u,g,q,v,0.14104158757692434,t,t,1.0601386781857,f,g,-0.31806740808572614,0.3975257312130499,+
172,b,-1.0214398842780148,-0.9599806414168407,y,p,m,bb,-0.6571778315531449,f,f,-0.5412592313176405,t,s,1.8857766830555676,-0.1825949303464386,+
173,b,-1.1625663688348653,3.509727650377816,l,gg,ff,o,-0.6571778315531449,f,f,-0.5412592313176405,t,p,1.5887626545998677,17.634200535036634,+
174,b,-0.4298917454169656,-0.909188501737356,u,g,i,bb,-0.6571778315531449,t,f,-0.5412592313176405,t,g,-1.0843636015014322,-0.1827731000827898,+
175,b,-0.7890459725826027,-0.8502696197091537,y,p,x,v,-0.6448262738103198,t,t,-0.31248810138859184,t,g,3.9054720765543274,-0.17226108563806933,+
176,b,0.006163739800607456,3.0018062535829686,u,g,c,v,1.5043447734412398,t,t,3.119078847547138,f,g,-1.0843636015014322,0.7080755816731815,+
177,b,1.9709486295890921,0.9528513389125544,u,g,ff,ff,3.7940147900174344,t,t,1.9752231979018946,t,g,-0.9061551844280121,-0.12932217917743152,+
178,b,0.16165639344408353,-0.34234822291430633,y,p,c,h,-0.027248386669067017,t,t,-0.31248810138859184,t,g,-0.015113099060912188,3.029092737120189,+
179,b,-0.5777787801322279,1.5461035303689363,u,g,q,h,-0.16774735599370205,t,f,-0.5412592313176405,t,g,-0.3715299332077522,-0.1827731000827898,+
180,b,-0.3031314299467408,-0.5536435239809628,u,g,x,h,-0.3483888879825185,t,t,0.37382528839855417,f,g,-0.25272432182547216,1.1613393909506196,+
181,a,-1.3036928533917156,-0.8411270345668465,u,g,c,h,-0.19399441619720528,t,t,-0.08371697145954318,f,g,-0.49033554459003215,-0.1827731000827898,+
182,a,-0.6977785454440409,1.427249923518942,u,g,x,h,-0.5027833597678316,t,t,-0.08371697145954318,t,g,0.6977205692327677,-0.08460157535328176,+
183,a,0.20390983193415846,-0.8837924318976136,u,g,cc,v,-0.54138197771416,f,f,-0.5412592313176405,f,g,0.6977205692327677,-0.17493363168333725,+
184,a,2.8658764568088797,1.8843791806343044,u,g,ff,ff,-0.6571778315531449,t,t,1.9752231979018946,t,g,-1.0843636015014322,0.06666453080888216,+
185,a,-0.5143986223971155,-0.37587103510276626,u,g,x,h,-0.3869875059288468,t,f,-0.5412592313176405,f,g,1.0541374033796078,-0.1827731000827898,+
186,b,0.16165639344408353,-0.7568120826989018,u,g,x,v,-0.4255861238751751,t,t,1.0601386781857,t,g,0.9353317919973277,0.542555896602922,+
187,a,-1.0848200420131273,0.9193285267240946,u,g,q,v,-0.28354320983268694,t,t,0.37382528839855417,f,g,-0.7279467673545921,-0.0865614424531449,+
188,b,-0.691017995285629,1.3764577838394572,u,g,w,h,-0.001001326465563783,t,t,1.9752231979018946,t,g,0.6383177635416277,-0.13217289495905063,+
189,b,-0.6766518261990034,-0.6552278033399324,u,g,q,v,0.07619590942709281,t,t,0.14505415846950548,t,g,-1.0843636015014322,-0.07907831352639474,+
190,b,-0.036089698689467486,-0.9599806414168407,u,g,w,v,-0.2711916520898619,t,t,-0.31248810138859184,f,g,0.1155730734595958,-0.1827731000827898,+
191,a,2.295455037192868,3.306559091659877,u,g,i,bb,2.430711604153119,t,t,2.432765457759992,f,g,-1.0843636015014322,1.0109641334702117,+
192,b,0.5275711707681323,-0.7314160128591594,y,p,d,v,-0.19399441619720528,f,f,-0.5412592313176405,t,g,1.4758973237867017,-0.1827731000827898,+
193,b,-0.6698912760405916,1.4018538536791996,y,p,w,v,-0.3993390636716718,t,f,-0.5412592313176405,t,g,-0.13391871044319217,-0.12932217917743152,+
194,a,-0.8101726918276401,1.3764577838394572,y,p,j,j,-0.6571778315531449,t,t,1.9752231979018946,t,g,-1.0843636015014322,-0.1827731000827898,+
195,b,0.12616350511242044,-0.6552278033399324,u,g,cc,h,1.0411613580853003,t,t,0.14505415846950548,t,g,-1.0843636015014322,-0.1827731000827898,+
196,a,-0.89467956880779,-0.35047496526302385,u,g,q,v,-0.6062276558639915,t,t,0.14505415846950548,f,g,-0.49033554459003215,-0.18170408166468263,+
197,a,1.2315134560127807,1.1732892251215183,u,g,q,v,0.8867668862999871,t,t,1.0601386781857,t,g,-1.0843636015014322,-0.1827731000827898,+
198,a,-0.26848361038487967,2.0875477393522432,y,p,e,z,-0.6571778315531449,t,f,-0.5412592313176405,f,g,-1.0843636015014322,2.1712054565891883,+
199,b,-0.8389050300008913,1.1732892251215183,u,g,c,v,0.2691889991587343,t,f,-0.5412592313176405,t,g,-1.0843636015014322,-0.1827731000827898,+
200,a,1.2458796250994064,-0.14730640654508492,u,g,j,j,-0.6571778315531449,t,f,-0.5412592313176405,f,g,-0.49033554459003215,-0.011730153185643319,+
201,a,-0.6065111183054792,-0.8583963620578713,u,g,q,h,-0.2711916520898619,t,t,-0.31248810138859184,f,g,-1.0843636015014322,-0.06197401883668009,+
202,a,-1.0214398842780148,0.7842214351766653,u,g,cc,h,-0.4255861238751751,t,t,1.0601386781857,f,g,-0.5140966668664881,-0.1827731000827898,+
203,b,0.8512325096021063,-0.9599806414168407,u,g,c,bb,3.974656322006251,t,f,-0.5412592313176405,f,g,-1.0843636015014322,-0.1827731000827898,+
204,b,0.26728998966927087,-0.09651426686560019,u,g,i,bb,0.3463862350513909,t,t,-0.08371697145954318,f,g,0.5432732744358038,-0.07408956090856131,+
205,b,0.4574304628746081,-0.29968282558353915,u,g,q,h,2.121922660582493,t,f,-0.5412592313176405,t,g,-0.47845498345180415,-0.06892263855437666,+
206,a,0.8089790711120313,1.0717049457625487,u,g,q,h,-0.11679718030454868,t,f,-0.5412592313176405,f,g,-0.9120954649971261,-0.03364503075684021,+
207,b,-0.3876383069268907,-0.6044356636604475,y,p,c,v,-0.3483888879825185,t,t,0.6025964183276028,t,g,-0.13391871044319217,0.8465134668180594,+
208,b,-0.31073704887495457,-0.5455167816322453,y,p,aa,v,-0.03959994441189208,t,t,0.14505415846950548,t,g,1.1135402090707478,-0.08299804772612102,+
209,b,0.3306701474043833,4.144629396371375,u,g,x,h,-0.155395798250877,t,t,-0.31248810138859184,t,g,1.9748808915922775,-0.09368823190719267,+
210,a,1.104753140542556,-0.9599806414168407,u,g,c,v,0.1147945273734211,t,f,-0.5412592313176405,f,g,-1.0843636015014322,-0.1827731000827898,+
211,b,0.198247871176489,-0.14730640654508492,u,g,x,v,0.8867668862999871,t,t,0.14505415846950548,t,g,0.6383177635416277,0.22327572906158188,+
212,b,-0.7966515915108164,-0.909188501737356,u,g,d,h,-0.4518331840786783,t,f,-0.5412592313176405,t,g,-1.0843636015014322,-0.1827731000827898,+
213,a,-1.134679099431416,1.2748735044804878,u,g,x,h,-0.3483888879825185,t,t,1.9752231979018946,f,g,-1.0843636015014322,0.35173610897079294,+
214,b,-0.9090457378944156,-0.46932857211301815,u,g,c,v,-0.03959994441189208,t,t,1.9752231979018946,t,g,0.10369251232136781,0.35173610897079294,+
215,a,-0.23299072205321655,-0.34234822291430633,y,p,x,h,0.12714608511624617,t,t,-0.31248810138859184,f,g,-0.6685439616634521,-0.1827731000827898,+
216,a,0.46419101303301996,0.0812582220125964,u,g,e,v,0.8867668862999871,t,f,-0.5412592313176405,t,g,-1.0843636015014322,0.5299058453219873,+
217,b,-0.8667922994043407,0.013196754842086857,y,p,w,v,0.037597291480764516,t,t,-0.31248810138859184,t,g,-0.6091411559723121,-0.12932217917743152,+
218,a,0.07714951646393364,-0.6633545456886498,u,g,w,v,-0.32214182777901523,t,t,3.119078847547138,f,g,-0.3715299332077522,0.18764178179134303,+
219,b,0.198247871176489,1.1732892251215183,u,g,x,v,1.3499503016559267,t,f,-0.5412592313176405,f,g,-1.0843636015014322,-0.1827731000827898,+
220,b,0.16165639344408353,-0.3169521530745639,y,p,x,v,0.3201391748478877,t,t,0.14505415846950548,t,g,1.1729430147618878,-0.1827731000827898,+
221,b,0.6264442168349079,-0.9173152440860736,u,g,k,v,-0.6309307713496416,t,f,-0.5412592313176405,t,g,0.5789149578504877,-0.1827731000827898,+
222,b,-0.19749783372155347,2.0875477393522432,u,g,c,h,0.9902111823961469,t,t,1.9752231979018946,f,g,-1.0843636015014322,0.22398840800698666,+
223,b,0.6965849247284321,-0.09651426686560019,u,g,c,bb,1.3499503016559267,t,t,3.119078847547138,f,g,-0.3893507749150942,0.032812280902155246,+
224,b,-0.25411744129825403,0.0639888945215716,y,p,c,bb,-0.19399441619720528,t,t,1.2889098081147488,t,g,-0.22896319954901617,-0.18152591192833142,+
225,a,0.823345240198657,-0.5455167816322453,y,p,q,h,-0.6185792136068166,t,t,4.720476757050479,t,g,1.6184640574454376,0.037444694047286294,+
226,b,1.4360200983047435,4.1365026540226575,u,g,w,v,-0.11679718030454868,t,t,0.14505415846950548,f,g,-0.3715299332077522,-0.18027872377387308,+
227,b,2.887003176053917,1.2748735044804878,u,g,e,z,5.518601039859383,t,t,1.0601386781857,t,g,-0.9536774289809241,-0.1827731000827898,+
228,b,0.8377114092852825,-0.13917966419636735,u,g,cc,h,1.5043447734412398,t,t,1.2889098081147488,f,g,0.8165261806150478,-0.1827731000827898,+
229,b,0.9923589941589567,-0.9010617593886384,y,p,cc,h,-0.11679718030454868,t,t,1.2889098081147488,f,g,-0.49033554459003215,-0.11595944895109195,+
230,a,-0.3242581491917783,1.9859634599932738,u,g,x,h,0.29543605936223755,t,t,-0.31248810138859184,f,g,-0.3715299332077522,-0.18081323298292665,+
231,b,0.4574304628746081,-0.06299145467714025,y,p,k,v,-0.5799805956604883,t,t,1.746452067972846,t,g,0.8165261806150478,-0.1827731000827898,+
232,a,-0.5498915107287786,1.5796263425573962,u,g,aa,v,-0.19399441619720528,t,t,2.2039943278309435,t,g,-0.3715299332077522,-0.08175085957166266,+
233,b,-0.2473568911398422,0.05586215217285403,u,g,w,v,2.7395005477237455,t,f,-0.5412592313176405,t,g,-0.6685439616634521,-0.1827731000827898,+
234,a,-0.10623040658299174,0.11478103420105633,u,g,e,dd,0.037597291480764516,t,t,0.6025964183276028,t,g,-0.49627582515914614,-0.09368823190719267,+
235,b,0.5132050016815067,0.36061499024976246,u,g,m,h,0.6551751786220172,t,t,2.2039943278309435,t,g,-0.5319175085738301,-0.1827731000827898,+
236,b,0.421937574542945,0.05586215217285403,u,g,c,bb,0.1147945273734211,t,t,0.8313675482566515,f,g,-1.0843636015014322,-0.1173848068419015,+
237,b,0.06954389753571986,-0.14730640654508492,u,g,m,v,0.1147945273734211,t,f,-0.5412592313176405,t,g,1.0541374033796078,-0.1827731000827898,+
238,a,-0.8811584684909662,-0.35047496526302385,u,g,aa,v,-0.6448262738103198,t,f,-0.5412592313176405,f,g,-0.49033554459003215,-0.1827731000827898,+
239,b,0.7320778130600952,-0.8502696197091537,y,p,aa,v,-0.5027833597678316,t,t,0.14505415846950548,f,g,0.10369251232136781,-0.004603363731595549,+
240,b,-0.25411744129825403,0.0812582220125964,u,g,x,v,0.8095696504073305,t,t,-0.08371697145954318,f,g,1.4105542375264477,-0.18152591192833142,+
241,b,1.0768658711391066,-0.5536435239809628,u,g,m,v,-0.11679718030454868,t,t,-0.08371697145954318,t,g,-1.0843636015014322,-0.18010055403752187,+
242,a,-0.9158062880528275,-0.7903348948873617,u,g,q,v,-0.16774735599370205,t,t,-0.31248810138859184,f,g,-1.0843636015014322,-0.1827731000827898,+
243,b,1.013485713403994,-0.35047496526302385,u,g,q,h,1.1955558298706135,t,t,1.9752231979018946,f,g,-0.6091411559723121,-0.1827731000827898,+
244,a,0.7667256326219564,0.571910291316419,y,p,q,h,1.8131337170118662,t,t,2.661536587689041,f,g,-1.0843636015014322,0.22701729352495698,+
245,b,-0.7755248722657789,1.2748735044804878,u,g,cc,v,-0.4518331840786783,t,f,-0.5412592313176405,f,g,-0.49033554459003215,-0.1827731000827898,+
246,b,-0.5143986223971155,0.259030710890793,u,g,c,v,-0.3483888879825185,t,t,0.14505415846950548,f,g,-1.0843636015014322,-0.1827731000827898,+
247,a,-0.2118640028081791,-0.19809854622456965,u,g,c,v,-0.32214182777901523,t,t,-0.31248810138859184,t,g,1.1194804896398618,-0.1827731000827898,+
248,b,2.3867224643314295,-0.4012671049425086,u,g,w,v,-0.11679718030454868,t,t,0.6025964183276028,t,g,-0.7279467673545921,-0.17243925537442054,+
249,b,2.1264412832325683,4.72873900268545,y,p,c,v,8.143307060209708,t,t,8.609585965844305,f,g,-1.0843636015014322,-0.18010055403752187,+
250,b,-0.6200322186223028,-0.8248735498694113,u,g,c,v,-0.6062276558639915,f,f,-0.5412592313176405,f,g,-0.49033554459003215,-0.1827731000827898,+
251,b,2.2109481602127183,0.7669521076856404,u,g,e,h,1.5043447734412398,t,t,0.14505415846950548,f,g,-1.0843636015014322,-0.1827731000827898,+
252,b,-0.16652821178825228,-0.14730640654508492,y,p,i,v,-0.6309307713496416,f,f,-0.5412592313176405,t,g,1.3570917124044217,-0.1827731000827898,-
253,b,1.0067251632455823,-0.5028513843014781,u,g,i,bb,-0.4255861238751751,t,f,-0.5412592313176405,f,g,2.2421935172024074,-0.1827731000827898,-
254,a,0.5977118786616566,-0.06299145467714025,u,g,c,v,-0.6185792136068166,f,f,-0.5412592313176405,f,g,-0.13391871044319217,-0.1827731000827898,-
255,b,0.7320778130600952,0.05586215217285403,u,g,i,bb,-0.5923321534033134,f,f,-0.5412592313176405,f,g,2.1827907115112675,-0.1827731000827898,-
256,b,-0.16961056431810415,1.6812106219163654,u,g,d,h,-0.5027833597678316,f,f,-0.5412592313176405,f,g,0.2700203682565598,-0.1827731000827898,-
257,a,-0.7890459725826027,1.409980596027917,u,g,k,h,-0.6309307713496416,f,f,-0.5412592313176405,f,g,0.8165261806150478,-0.1818822514010338,-
258,b,-0.0005968103578043906,-0.7314160128591594,u,g,ff,ff,-0.6571778315531449,f,t,-0.31248810138859184,f,g,-0.5140966668664881,-0.1793878750921171,-
259,b,0.2951772590727202,-0.4520592446219934,u,g,cc,bb,-0.5027833597678316,f,f,-0.5412592313176405,f,g,0.9828540365502397,-0.1827731000827898,-
260,a,-0.7400319839341158,0.7669521076856404,u,g,q,v,-0.11679718030454868,t,t,1.746452067972846,f,g,-0.6091411559723121,-0.006385061095107491,-
261,a,-0.5431309605703668,-0.04572212718611545,u,g,w,v,-0.3483888879825185,f,f,-0.5412592313176405,t,g,1.0541374033796078,-0.18170408166468263,-
262,b,1.175738917205882,-0.6552278033399324,u,g,c,v,0.1147945273734211,t,f,-0.5412592313176405,t,g,-0.25272432182547216,-0.1827731000827898,-
263,b,-0.6622856571123779,-0.7568120826989018,u,g,c,v,-0.5027833597678316,f,f,-0.5412592313176405,t,s,0.5789149578504877,-0.1827731000827898,-
264,b,-0.8245388609142658,1.0209128060830641,u,g,c,v,-0.5799805956604883,t,f,-0.5412592313176405,f,g,-0.25272432182547216,-0.1827731000827898,-
265,a,-0.2262301718948047,-0.24076394355533684,u,g,i,bb,-0.5027833597678316,t,f,-0.5412592313176405,t,g,-0.06857562418293818,-0.1827731000827898,-
266,b,1.73855471789368,-0.5455167816322453,y,p,ff,ff,-0.19399441619720528,f,f,-0.5412592313176405,f,g,-0.3715299332077522,-0.1825949303464386,-
267,a,2.069821675655868,0.47845275430616707,u,g,k,h,1.4271475375485834,t,t,0.14505415846950548,t,g,-0.49033554459003215,-0.1738646132652301,-
268,b,0.26728998966927087,-0.6887506155283922,u,g,i,bb,-0.6185792136068166,f,f,-0.5412592313176405,t,g,1.5293598489087277,0.6189907134975844,-
269,b,3.6822128884371272,2.900221974223999,y,p,ff,ff,-0.6448262738103198,f,t,-0.08371697145954318,f,g,-1.0843636015014322,-0.12023552262352061,-
270,b,0.8723592288471437,-0.6044356636604475,u,g,k,v,-0.5923321534033134,t,f,-0.5412592313176405,f,g,-0.13391871044319217,-0.1827731000827898,-
271,b,-0.7400319839341158,-0.9345845715770984,y,p,k,v,-0.6185792136068166,f,f,-0.5412592313176405,f,g,0.10369251232136781,-0.1703012185382062,-
272,b,-1.0991862110997528,-0.9264578292283808,u,g,d,v,-0.5799805956604883,f,f,-0.5412592313176405,t,s,0.5789149578504877,-0.1827731000827898,-
273,b,-0.7755248722657789,-0.4855820568104533,u,g,k,v,-0.4255861238751751,f,f,-0.5412592313176405,f,g,-0.015113099060912188,-0.1827731000827898,-
274,a,-0.6487645567955541,1.3764577838394572,y,p,k,h,0.2691889991587343,f,f,-0.5412592313176405,t,g,-0.9655579901191521,-0.1799223843011707,-
275,a,-0.535525341642153,-0.7060199430194171,u,g,ff,ff,-0.6571778315531449,t,f,-0.5412592313176405,f,g,-0.6091411559723121,-0.1827731000827898,-
276,a,0.30193780923113206,-0.7060199430194171,y,p,i,h,-0.5027833597678316,f,f,-0.5412592313176405,t,g,-0.13391871044319217,-0.1827731000827898,-
277,a,1.6050338522650434,-0.7903348948873617,u,g,aa,v,-0.5027833597678316,f,f,-0.5412592313176405,t,g,0.34130373508592776,-0.16192724092970007,-
278,b,-0.4231311952585538,-0.6471010609912148,u,g,w,v,-0.6185792136068166,f,f,-0.5412592313176405,f,g,-0.49033554459003215,-0.1827731000827898,-
279,b,-0.05721641793450495,-0.4093938472912262,y,p,m,v,-0.6185792136068166,f,f,-0.5412592313176405,t,s,-0.6091411559723121,-0.1827731000827898,-
280,a,-1.2115803574833521,-0.8583963620578713,u,g,i,v,-0.6062276558639915,f,t,0.8313675482566515,t,g,0.34130373508592776,-0.176537159310498,-
281,b,-0.7679192533375652,-0.5028513843014781,u,g,i,v,-0.6185792136068166,f,f,-0.5412592313176405,f,g,-0.13391871044319217,-0.18099140271927786,-
282,b,0.8165846900402451,-0.8583963620578713,y,p,m,v,-0.5027833597678316,f,f,-0.5412592313176405,t,g,-0.31212712751661215,-0.1827731000827898,-
283,b,-0.19749783372155347,-0.8837924318976136,u,g,c,v,-0.5676290379176632,f,f,-0.5412592313176405,f,g,0.2224981237036478,-0.1578293369936226,-
284,a,-0.7400319839341158,1.2748735044804878,y,p,q,v,0.2691889991587343,t,f,-0.5412592313176405,t,g,0.5076315910211198,-0.1827731000827898,-
285,a,1.7461603368218939,0.36061499024976246,u,g,i,bb,0.29543605936223755,f,f,-0.5412592313176405,t,g,-0.6507231199561101,-0.1827731000827898,-
286,b,-0.2262301718948047,-0.22349461606431203,u,g,aa,v,-0.5799805956604883,f,f,-0.5412592313176405,t,g,-0.49033554459003215,-0.1827731000827898,-
287,b,-0.89467956880779,-0.7903348948873617,y,p,c,v,-0.03959994441189208,f,f,-0.5412592313176405,t,s,0.34130373508592776,-0.1827731000827898,-
288,b,-0.5642576798154042,1.5796263425573962,u,g,w,v,-0.3869875059288468,t,f,-0.5412592313176405,t,g,0.4601093464682078,-0.1827731000827898,-
289,b,-0.5642576798154042,1.782794901275335,y,p,ff,ff,-0.6571778315531449,f,f,-0.5412592313176405,f,g,0.08912468140187388,-0.1827731000827898,-
290,b,-0.04961079900629118,-0.4520592446219934,u,g,cc,h,0.037597291480764516,f,f,-0.5412592313176405,t,s,0.9353317919973277,-0.1827731000827898,-
291,b,-0.7256658148474903,-0.8076042223783865,u,g,i,v,-0.16774735599370205,f,t,-0.31248810138859184,t,g,1.2917486261441677,-0.18116957245562904,-
292,a,-0.7400319839341158,-0.875665689548896,u,g,i,v,-0.553733535456985,f,f,-0.5412592313176405,t,s,-0.22896319954901617,-0.1827731000827898,-
293,b,-0.9935526148745655,-0.9010617593886384,u,g,k,v,-0.5676290379176632,f,f,-0.5412592313176405,f,g,0.5789149578504877,-0.11791931605095508,-
294,a,-0.4298917454169656,-0.5536435239809628,u,g,j,j,-0.6571778315531449,f,f,-0.5412592313176405,t,g,0.5551538355740318,-0.1825949303464386,-
295,b,1.4005272099730806,-0.113783594356625,u,g,x,bb,-0.6309307713496416,f,f,-0.5412592313176405,t,g,2.0045822944378475,-0.1827731000827898,-
296,a,-0.8811584684909662,-0.8583963620578713,y,p,e,dd,-0.3483888879825185,f,f,-0.5412592313176405,f,g,0.4601093464682078,-0.1827731000827898,-
297,b,0.1472902243574579,-0.4520592446219934,y,p,w,v,1.5043447734412398,f,f,-0.5412592313176405,t,g,0.5789149578504877,-0.1827731000827898,-
298,a,-1.1482001997482396,-0.9599806414168407,y,p,j,ff,-0.6571778315531449,f,f,-0.5412592313176405,f,g,-0.5734994725576281,-0.1827731000827898,-
299,b,1.9920753488341296,2.189132018711213,u,g,e,z,-0.6571778315531449,t,t,4.034163367263333,f,g,-0.1814409549961042,-0.15961103435713453,-
300,b,-0.13411767598644106,-0.8076042223783865,y,p,c,v,-0.6448262738103198,f,f,-0.5412592313176405,f,g,0.34130373508592776,-0.1827731000827898,-
301,b,-0.7679192533375652,-0.8411270345668465,y,p,ff,ff,-0.6571778315531449,f,f,-0.5412592313176405,f,g,-0.49033554459003215,-0.1827731000827898,-
302,b,0.027290459045644925,-0.8076042223783865,y,p,aa,v,0.4235834709440475,f,f,-0.5412592313176405,t,g,0.8165261806150478,-0.1827731000827898,-
303,a,-0.08510368733795427,0.1574464315318235,u,g,k,v,1.0411613580853003,f,f,-0.5412592313176405,t,s,-0.49033554459003215,-0.1827731000827898,-
304,b,-0.5710182299738161,1.7492720890868751,y,p,aa,v,-0.6448262738103198,f,f,-0.5412592313176405,t,g,-0.3715299332077522,-0.09814247531597253,-
305,b,-0.07834313717954243,-0.8583963620578713,u,g,d,h,-0.6309307713496416,f,f,-0.5412592313176405,t,s,0.4125871019152958,-0.1827731000827898,-
306,a,-0.6977785454440409,-0.5871663361694227,u,g,j,j,-0.6571778315531449,f,t,-0.31248810138859184,f,g,0.10369251232136781,-0.1733301040561765,-
307,b,-0.6487645567955541,-0.59630892131173,u,g,c,v,-0.4904318020250066,f,f,-0.5412592313176405,t,g,-0.27648544410192816,-0.1825949303464386,-
308,b,-1.0712989416963035,1.130623827790751,u,g,ff,ff,-0.5290304199713349,f,f,-0.5412592313176405,f,g,-0.6091411559723121,-0.1827731000827898,-
309,a,-1.3036928533917156,0.5891796188074437,u,g,q,v,-0.6185792136068166,f,t,-0.31248810138859184,t,g,-1.0843636015014322,-0.1542659422665987,-
310,b,-0.31073704887495457,-0.29968282558353915,y,p,q,h,0.9130139465034903,f,t,-0.08371697145954318,t,g,1.1075999285016338,-0.1825949303464386,-
311,b,-0.16652821178825228,-0.8330002922181289,u,g,k,v,-0.5799805956604883,f,f,-0.5412592313176405,f,g,1.1729430147618878,0.17534806998311064,-
312,b,-0.12059657566961736,-0.5455167816322453,y,p,x,h,-0.6448262738103198,f,f,-0.5412592313176405,f,g,-0.32400768865484014,-0.1825949303464386,-
313,a,-0.5853843990604417,-0.4520592446219934,y,p,i,bb,0.7323724145146739,f,f,-0.5412592313176405,f,g,0.10369251232136781,-0.10152770030664522,-
314,b,1.5137664251264815,-0.4947246419527605,u,g,ff,ff,-0.5676290379176632,f,f,-0.5412592313176405,f,g,0.10369251232136781,-0.1822385908737362,-
315,b,-0.4721451839070406,-0.9010617593886384,y,p,c,v,-0.19399441619720528,f,f,-0.5412592313176405,t,g,-0.13391871044319217,-0.1827731000827898,-
316,b,1.6472872907551184,-0.8411270345668465,u,g,ff,ff,-0.6571778315531449,f,f,-0.5412592313176405,f,g,-0.22302291897990217,-0.1827731000827898,-
317,a,-1.2893266843050901,-0.9264578292283808,u,g,aa,v,-0.3483888879825185,f,t,-0.08371697145954318,t,g,0.8165261806150478,-0.1825949303464386,-
318,b,-1.2614394149016408,-0.4012671049425086,u,g,aa,v,-0.4518331840786783,f,t,-0.31248810138859184,f,g,-0.6091411559723121,-0.1790315356194147,-
319,b,-1.2681999650600526,-0.7903348948873617,u,g,m,v,-0.6309307713496416,t,f,-0.5412592313176405,f,s,0.10369251232136781,-0.1827731000827898,-
320,b,-0.89467956880779,-0.7060199430194171,y,p,c,h,-0.23259303414353358,t,t,0.14505415846950548,t,g,-0.25272432182547216,-0.145357455449039,-
321,b,0.2106703820925703,-0.4012671049425086,u,g,i,bb,-0.6571778315531449,f,f,-0.5412592313176405,f,g,-0.015113099060912188,-0.1827731000827898,-
322,b,-0.6343983877089285,1.4780420631984268,u,g,c,v,-0.01335288420838885,f,f,-0.5412592313176405,f,s,-0.6091411559723121,-0.1827731000827898,-
323,b,-0.0005968103578043906,-0.38399777745148383,u,g,ff,ff,-0.6571778315531449,f,t,0.6025964183276028,f,g,-0.03887422133736818,-0.15676031857551542,-
324,b,-1.3594673921986142,0.4621992696087319,u,g,e,v,-0.3483888879825185,f,f,-0.5412592313176405,f,g,2.4798047399669674,-0.1827731000827898,-
325,a,-0.7256658148474903,-0.799477480029669,u,g,i,v,-0.6309307713496416,f,f,-0.5412592313176405,f,g,-0.22896319954901617,-0.1827731000827898,-
326,b,-0.02172352960284186,-0.536374196489938,u,g,c,v,-0.6309307713496416,f,f,-0.5412592313176405,f,g,0.6977205692327677,-0.1827731000827898,-
327,b,2.640243095271879,1.6304184822368808,y,p,c,h,0.8867668862999871,t,f,-0.5412592313176405,f,g,-0.41905217776066417,-0.1827731000827898,-
328,b,-1.2614394149016408,-0.13003707905406012,u,g,i,h,-0.5290304199713349,f,f,-0.5412592313176405,t,g,-0.3715299332077522,-0.1827731000827898,-
329,b,0.40757140545631937,-0.4439325022732758,u,g,ff,ff,-0.6571778315531449,f,f,-0.5412592313176405,f,g,-1.0843636015014322,-0.004603363731595549,-
330,a,0.6332047669933197,-0.6552278033399324,u,g,ff,ff,-0.6571778315531449,f,f,-0.5412592313176405,f,g,-0.6329022782487681,-0.1827731000827898,-
331,b,-0.2896103296299171,-0.7568120826989018,y,p,d,h,0.2691889991587343,f,f,-0.5412592313176405,f,g,-0.03887422133736818,-0.08709595166219848,-
332,b,-1.1980592571665283,-0.942711313925816,y,p,c,v,-0.6448262738103198,f,f,-0.5412592313176405,f,g,-0.25272432182547216,-0.05413455043722755,-
333,a,-0.5008775220802918,-0.536374196489938,u,g,c,h,0.1919917632660777,t,f,-0.5412592313176405,t,g,1.0541374033796078,-0.1825949303464386,-
334,b,-0.16652821178825228,-0.8583963620578713,u,g,c,bb,-0.3993390636716718,t,f,-0.5412592313176405,t,s,0.8165261806150478,-0.1827731000827898,-
335,b,1.0067251632455823,0.05586215217285403,u,g,i,bb,0.037597291480764516,f,f,-0.5412592313176405,t,g,-0.24678404125635817,-0.1827731000827898,-
336,a,0.05602279721889617,-0.3250788954232815,u,g,ff,ff,0.2815405569015594,f,t,-0.08371697145954318,t,g,0.10369251232136781,-0.18206042113738502,-
337,b,-0.6622856571123779,-0.8411270345668465,u,g,c,h,-0.6309307713496416,t,f,-0.5412592313176405,f,g,-0.015113099060912188,-0.1827731000827898,-
338,b,1.097992590384144,1.2748735044804878,y,p,d,v,-0.19399441619720528,t,f,-0.5412592313176405,f,s,-1.0843636015014322,-0.1827731000827898,-
339,b,-1.1482001997482396,-0.05384886953483301,u,g,c,v,-0.5799805956604883,f,f,-0.5412592313176405,f,s,-0.6091411559723121,-0.1827731000827898,-
340,a,-0.5076380722387037,1.5796263425573962,u,g,d,v,-0.3483888879825185,f,f,-0.5412592313176405,t,g,-0.015113099060912188,0.0064431599221784945,-
341,b,-0.38087775676847885,-0.04572212718611545,y,p,c,bb,0.1147945273734211,f,f,-0.5412592313176405,f,g,0.10369251232136781,0.032812280902155246,-
342,b,-1.0003131650329773,0.5129914092882166,u,g,m,v,-0.6448262738103198,f,t,-0.31248810138859184,f,g,-0.49033554459003215,-0.1825949303464386,-
343,b,0.1963042130059447,-0.8919191742463312,y,p,cc,v,-0.6309307713496416,f,f,-0.5412592313176405,f,g,-0.015113099060912188,-0.1827731000827898,-
344,b,-1.0003131650329773,-0.6552278033399324,y,p,cc,v,-0.03959994441189208,t,f,-0.5412592313176405,t,g,-0.49033554459003215,-0.1792097053557659,-
345,b,-0.3386243182784039,-0.8330002922181289,u,g,aa,v,-0.5166788622285098,t,f,-0.5412592313176405,t,g,0.10369251232136781,-0.1827731000827898,-
346,a,-0.7256658148474903,0.4621992696087319,u,g,c,v,-0.6062276558639915,f,f,-0.5412592313176405,f,g,-0.13391871044319217,-0.1827731000827898,-
347,a,-1.1059467612581646,1.0717049457625487,y,p,q,h,-0.6062276558639915,f,f,-0.5412592313176405,f,g,0.9353317919973277,-0.1827731000827898,-
348,b,0.44306429378798245,-0.09651426686560019,u,g,q,v,0.4235834709440475,f,f,-0.5412592313176405,f,g,1.6125237768763236,-0.1738646132652301,-
349,b,-1.0358060533646405,-0.9599806414168407,y,p,ff,ff,-0.6571778315531449,f,t,0.37382528839855417,f,g,-0.8170509758913022,-0.1825949303464386,-
350,b,-0.9512991763844906,0.4621992696087319,u,g,c,v,-0.5027833597678316,f,f,-0.5412592313176405,f,g,-1.0843636015014322,-0.1827731000827898,-
351,b,-0.12059657566961736,-0.2488906859040544,u,g,c,v,-0.6062276558639915,f,f,-0.5412592313176405,f,g,0.1987370014271918,-0.1827731000827898,-
352,b,-1.2893266843050901,-0.3250788954232815,u,g,w,v,-0.6309307713496416,f,t,-0.31248810138859184,f,g,-1.0843636015014322,-0.18170408166468263,-
353,b,-0.4586240835902169,1.6476878097279057,u,g,cc,v,-0.5027833597678316,f,f,-0.5412592313176405,f,g,-1.0843636015014322,-0.1824167606100874,-
354,b,-0.5143986223971155,-0.35047496526302385,u,g,c,v,-0.2711916520898619,f,t,-0.31248810138859184,f,g,-1.0843636015014322,-0.17885336588306353,-
355,a,-0.8034121416692283,-0.6044356636604475,y,p,j,j,-0.6571778315531449,f,f,-0.5412592313176405,f,g,-0.13391871044319217,-0.1827731000827898,-
356,b,-1.247073245815015,-0.9345845715770984,u,g,c,v,-0.6062276558639915,f,f,-0.5412592313176405,f,g,-0.30024656637838415,-0.1827731000827898,-
357,b,1.73855471789368,-0.35047496526302385,y,p,ff,ff,-0.19399441619720528,f,f,-0.5412592313176405,f,g,-0.015113099060912188,-0.18206042113738502,-
358,a,-0.7256658148474903,-0.8076042223783865,u,g,c,v,-0.03959994441189208,f,t,-0.08371697145954318,t,g,0.10369251232136781,-0.11257422396041926,-
359,a,-0.5076380722387037,1.782794901275335,y,p,ff,ff,-0.03959994441189208,f,t,-0.31248810138859184,t,g,0.10369251232136781,-0.1825949303464386,-
360,a,-0.8034121416692283,1.427249923518942,u,g,c,v,-0.5799805956604883,f,f,-0.5412592313176405,t,g,-0.015113099060912188,-0.1827731000827898,-
361,b,-0.1484838450730667,-0.8421428773604361,u,g,w,v,-0.5676290379176632,f,t,-0.31248810138859184,f,g,0.9353317919973277,0.3166366709096077,-
362,b,0.28081108998609455,-0.9599806414168407,u,g,c,v,-0.6571778315531449,f,f,-0.5412592313176405,f,p,0.08912468140187388,-0.1827731000827898,-
363,b,1.5484142446883429,2.900221974223999,u,g,ff,ff,-0.6571778315531449,t,t,-0.31248810138859184,f,g,-0.5259772280047161,-0.1827731000827898,-
364,b,0.8377114092852825,-0.6887506155283922,u,g,d,v,-0.6062276558639915,f,f,-0.5412592313176405,f,g,-0.08639646589028017,-0.1827731000827898,-
365,a,-0.5710182299738161,-0.7486853403501842,y,p,ff,ff,-0.5027833597678316,t,t,0.14505415846950548,f,g,-0.015113099060912188,-0.15658214883916424,-
366,b,0.04841717829068239,-0.4520592446219934,u,g,aa,v,1.658739245226553,t,f,-0.5412592313176405,t,g,2.0224031361451895,-0.1827731000827898,-
367,b,1.4216539292181178,-0.19809854622456965,u,g,i,bb,-0.3483888879825185,f,f,-0.5412592313176405,f,g,-0.49033554459003215,-0.1824167606100874,-
368,b,0.30193780923113206,-0.14730640654508492,u,g,d,bb,3.202683963079685,t,f,-0.5412592313176405,t,g,0.08912468140187388,-0.1827731000827898,-
369,b,-1.1980592571665283,-0.909188501737356,u,g,q,v,-0.553733535456985,f,t,0.37382528839855417,f,g,-0.13391871044319217,-0.18134774219198024,-
370,b,-1.2115803574833521,-0.8919191742463312,y,p,k,v,-0.5676290379176632,f,f,-0.5412592313176405,f,s,0.10369251232136781,-0.1827731000827898,-
371,b,-1.1059467612581646,-0.4601859869707109,u,g,c,n,-0.36074044572534353,f,t,-0.08371697145954318,t,g,-0.13391871044319217,-0.07818746484463877,-
372,b,-0.4721451839070406,-0.29968282558353915,u,g,c,h,0.04994884922358958,f,t,-0.31248810138859184,t,g,1.3867931152499917,-0.1790315356194147,-
373,b,-0.6977785454440409,-0.8330002922181289,y,p,aa,v,-0.6185792136068166,t,f,-0.5412592313176405,f,g,-0.015113099060912188,-0.1825949303464386,-
374,a,0.5132050016815067,-0.4520592446219934,u,g,i,h,-0.5923321534033134,f,f,-0.5412592313176405,f,g,0.4601093464682078,-0.138943344940396,-
375,a,-0.5710182299738161,-0.46932857211301815,y,p,c,v,-0.6571778315531449,f,f,-0.5412592313176405,f,g,-0.3715299332077522,-0.1827731000827898,-
376,b,-0.04285024884787933,-0.6379584758489075,u,g,d,v,-0.4765362995643284,f,f,-0.5412592313176405,t,s,-1.0843636015014322,-0.1827731000827898,-
377,b,0.12616350511242044,-0.4855820568104533,u,g,d,h,1.1183585939779568,f,f,-0.5412592313176405,t,g,0.6501983246798557,-0.1827731000827898,-
378,b,-0.12059657566961736,-0.7060199430194171,y,p,k,v,-0.5799805956604883,f,f,-0.5412592313176405,f,g,0.2462592459801038,-0.1827731000827898,-
379,a,1.4292595481463317,-0.6887506155283922,u,g,i,o,-0.553733535456985,f,f,-0.5412592313176405,f,g,-1.0843636015014322,-0.16139273172064647,-
380,b,-0.89467956880779,-0.875665689548896,u,g,c,v,-0.6185792136068166,f,f,-0.5412592313176405,f,g,-1.0843636015014322,-0.17493363168333725,-
381,b,-0.6487645567955541,-0.8665231044065889,y,p,w,v,0.1533931453197494,t,t,0.8313675482566515,t,g,0.1512147568742798,-0.12094820156892538,-
382,b,-0.2118640028081791,-0.6552278033399324,y,p,c,v,-0.19399441619720528,t,f,-0.5412592313176405,t,g,-1.0843636015014322,-0.1426849094037711,-
383,a,-0.2262301718948047,-0.19809854622456965,u,g,c,v,-0.5799805956604883,f,t,-0.31248810138859184,t,g,-0.8467523787368721,-0.15533496068470587,-
384,a,-0.14172329491465482,-0.6044356636604475,y,p,k,v,-0.2711916520898619,f,f,-0.5412592313176405,t,g,0.5789149578504877,-0.1827731000827898,-
385,b,-0.691017995285629,-0.9599806414168407,u,g,k,v,-0.3483888879825185,f,t,1.9752231979018946,f,s,-1.0843636015014322,-0.1827731000827898,-
386,b,1.013485713403994,4.1618987238624,u,g,q,h,-0.5923321534033134,t,t,-0.31248810138859184,f,g,3.4302496310252075,-0.16673782381118232,-
387,b,0.8165846900402451,-0.7903348948873617,u,g,ff,ff,-0.6571778315531449,t,f,-0.5412592313176405,f,g,-0.31212712751661215,-0.1825949303464386,-
388,a,-0.6555251069539659,-0.6552278033399324,u,g,w,v,-0.3869875059288468,f,f,-0.5412592313176405,t,g,-0.13391871044319217,-0.1827731000827898,-
389,b,0.23179710133760778,-0.04572212718611545,u,g,aa,v,-0.3483888879825185,t,f,-0.5412592313176405,t,g,0.34130373508592776,-0.1827731000827898,-
390,b,-0.7966515915108164,-0.6471010609912148,u,g,k,v,-0.6309307713496416,f,f,-0.5412592313176405,t,g,1.0303762811031518,-0.1827731000827898,-
391,b,-0.6977785454440409,-0.8076042223783865,u,g,m,v,-0.5027833597678316,t,f,-0.5412592313176405,t,s,0.8165261806150478,-0.1827731000827898,-
392,b,-0.7400319839341158,1.3764577838394572,y,p,m,v,-0.19399441619720528,f,f,-0.5412592313176405,t,g,-1.0843636015014322,0.5299058453219873,-
393,b,-0.7045390956024528,-0.3169521530745639,y,p,c,v,-0.6062276558639915,f,f,-0.5412592313176405,f,g,-0.13391871044319217,0.005730480976773717,-
394,b,0.33743069756279515,-0.3169521530745639,u,g,x,h,0.5007807068367041,t,f,-0.5412592313176405,t,g,2.9550271854960877,-0.1827731000827898,-
395,b,-1.1135523801863785,0.4114071299292472,y,p,m,v,-0.6448262738103198,f,f,-0.5412592313176405,f,g,-0.25272432182547216,-0.1827731000827898,-
396,a,-0.5287647914837411,1.2748735044804878,y,p,aa,v,0.7323724145146739,t,f,-0.5412592313176405,f,g,-0.3715299332077522,-0.1827731000827898,-
397,b,-0.5777787801322279,-0.5536435239809628,u,g,e,dd,-0.6062276558639915,f,t,-0.08371697145954318,f,g,0.8165261806150478,0.048847557173762726,-
398,b,-0.37411720661006703,-0.8502696197091537,u,g,k,ff,-0.6571778315531449,f,f,-0.5412592313176405,f,g,-0.49033554459003215,-0.1827731000827898,-
399,b,-0.2118640028081791,-0.7232892705104419,u,g,k,v,-0.5027833597678316,t,f,-0.5412592313176405,f,s,0.5789149578504877,-0.1827731000827898,-
400,b,0.06954389753571986,-0.14730640654508492,y,p,cc,v,-0.19399441619720528,f,f,-0.5412592313176405,t,g,-0.3715299332077522,-0.1827731000827898,-
401,b,0.08391006662234549,-0.6552278033399324,u,g,c,v,-0.5799805956604883,f,f,-0.5412592313176405,t,g,1.1254207702089758,-0.16103639224794408,-
402,b,-0.1484838450730667,-0.5536435239809628,y,p,e,h,-0.03959994441189208,f,f,-0.5412592313176405,f,g,0.4363482241917518,-0.17974421456481948,-
403,b,-0.014962979444430015,-0.3332056377719991,u,g,c,v,0.1147945273734211,f,t,-0.08371697145954318,t,g,-0.13391871044319217,-0.17546814089239082,-
404,a,-0.3318637681199921,-0.6217049911514724,u,g,ff,ff,-0.6571778315531449,f,f,-0.5412592313176405,f,g,0.9353317919973277,-0.1825949303464386,-
405,a,-0.972425895629528,-0.8076042223783865,u,g,c,v,-0.4116906214144969,t,t,0.6025964183276028,t,g,-0.25272432182547216,-0.1818822514010338,-
406,b,0.8165846900402451,-0.5028513843014781,y,p,x,h,2.430711604153119,t,f,-0.5412592313176405,t,g,-0.03887422133736818,-0.1827731000827898,-
407,b,-0.8312994110726776,-0.8076042223783865,y,p,r,n,-0.4255861238751751,f,f,-0.5412592313176405,t,g,-0.30024656637838415,-0.1824167606100874,-
408,b,-0.5498915107287786,-0.8502696197091537,u,g,m,v,-0.3483888879825185,f,f,-0.5412592313176405,t,g,-0.3715299332077522,-0.1825949303464386,-
409,a,-0.5710182299738161,-0.6044356636604475,y,p,c,v,-0.6062276558639915,f,f,-0.5412592313176405,f,g,-0.30024656637838415,-0.1827731000827898,-
410,b,-0.89467956880779,0.11478103420105633,u,g,q,v,-0.54138197771416,t,t,-0.31248810138859184,f,g,-0.13391871044319217,-0.1827731000827898,-
411,b,-0.8177783107558538,-0.799477480029669,y,p,cc,v,-0.4518331840786783,f,f,-0.5412592313176405,f,g,-0.13391871044319217,-0.1827731000827898,-
412,b,-0.6487645567955541,-0.7903348948873617,u,g,i,h,-0.6309307713496416,f,f,-0.5412592313176405,t,g,0.2224981237036478,-0.1818822514010338,-
413,b,4.1402401616695395,0.1574464315318235,u,g,c,v,-0.4904318020250066,t,f,-0.5412592313176405,f,g,-1.0843636015014322,-0.12219538972338374,-
414,a,0.16841694360249537,-0.35047496526302385,y,p,aa,v,-0.03959994441189208,f,f,-0.5412592313176405,f,g,-0.015113099060912188,-0.1827731000827898,-
415,b,-0.6065111183054792,-0.7822081525386442,u,g,m,v,-0.6309307713496416,f,t,0.37382528839855417,f,g,0.4244676630535238,0.164657885802039,-
416,b,-0.7189052646890783,1.3764577838394572,u,g,i,v,-0.5290304199713349,f,f,-0.5412592313176405,f,g,-1.0843636015014322,-0.1827731000827898,-
417,b,-0.5642576798154042,-0.7060199430194171,u,g,c,v,-0.5799805956604883,f,f,-0.5412592313176405,f,g,-0.43093273889889216,-0.1827731000827898,-
418,a,2.224469260529542,-0.5536435239809628,u,g,ff,ff,1.3499503016559267,f,t,-0.31248810138859184,f,g,-1.0843636015014322,-0.18099140271927786,-
419,b,-0.6555251069539659,-0.3169521530745639,y,p,k,v,-0.5290304199713349,f,t,-0.31248810138859184,t,g,0.5789149578504877,-0.16851952117469426,-
420,a,-0.07073751825132865,-0.6806238731796747,u,g,w,h,-0.6448262738103198,f,t,0.14505415846950548,f,g,-1.0843636015014322,-0.17689349878320038,-
421,b,-0.7045390956024528,-0.9254419864347911,u,g,m,v,-0.6309307713496416,f,f,-0.5412592313176405,f,s,-1.0843636015014322,-0.1827731000827898,-
422,a,-1.2825661341466783,-0.8919191742463312,u,g,ff,ff,-0.6571778315531449,f,t,-0.31248810138859184,f,g,-0.13391871044319217,-0.1603237133025393,-
423,a,-0.31073704887495457,-0.35047496526302385,u,g,m,v,0.2043433210089028,f,t,-0.31248810138859184,t,g,0.5789149578504877,-0.18099140271927786,-
424,a,-0.3031314299467408,-0.5455167816322453,u,g,w,v,-0.5799805956604883,f,f,-0.5412592313176405,t,g,-0.015113099060912188,-0.1738646132652301,-
425,b,-0.6343983877089285,-0.875665689548896,y,p,c,v,-0.6448262738103198,f,t,-0.08371697145954318,f,g,-0.32400768865484014,-0.18170408166468263,-
426,a,0.618838597906694,0.05586215217285403,u,g,cc,v,3.511472906650311,t,f,-0.5412592313176405,t,g,4.737111356230288,-0.1827731000827898,-
427,b,2.7103838031654037,-0.8502696197091537,u,g,c,v,-0.4765362995643284,t,t,0.14505415846950548,t,g,-0.015113099060912188,-0.1827731000827898,-
428,b,-1.0358060533646405,-0.6044356636604475,y,p,c,v,0.06384435168426775,f,f,-0.5412592313176405,t,g,-0.41905217776066417,-0.18170408166468263,-
429,b,-0.7611587031791534,0.8685363870446099,u,g,aa,v,-0.6309307713496416,f,f,-0.5412592313176405,f,g,-1.0843636015014322,-0.1827731000827898,-
430,b,-0.6977785454440409,-0.8076042223783865,u,g,m,v,-0.5027833597678316,f,f,-0.5412592313176405,t,s,0.8165261806150478,-0.1827731000827898,-
431,b,-0.6200322186223028,-0.8411270345668465,y,p,cc,h,-0.6185792136068166,f,f,-0.5412592313176405,f,g,0.34130373508592776,-0.1825949303464386,-
432,b,0.37968413605287005,-0.46932857211301815,u,g,w,v,-0.6185792136068166,f,t,-0.08371697145954318,f,g,0.2224981237036478,-0.1825949303464386,-
433,a,1.7951743254703805,0.4621992696087319,u,g,aa,h,0.2691889991587343,f,f,-0.5412592313176405,f,g,-1.0843636015014322,-0.1827731000827898,-
434,b,0.5909513285032447,1.0971010156022911,y,p,k,v,-0.6185792136068166,f,f,-0.5412592313176405,f,g,-0.13391871044319217,-0.1827731000827898,-
435,a,-0.2262301718948047,-0.6217049911514724,u,g,q,v,0.08854746716991788,t,f,-0.5412592313176405,t,g,1.5293598489087277,-0.1827731000827898,-
436,b,-0.8600317492459288,-0.12191033670534256,y,p,i,h,-0.6448262738103198,f,f,-0.5412592313176405,f,g,-0.25272432182547216,-0.16495612644767038,-
437,b,0.2884167089143083,-0.7405585980014666,u,g,m,v,-0.2974387122933651,f,f,-0.5412592313176405,f,s,-0.9180357455662401,-0.1827731000827898,-
438,b,-1.1558058186764535,1.0717049457625487,u,g,w,h,-0.6062276558639915,f,t,-0.31248810138859184,f,g,-0.3715299332077522,-0.1825949303464386,-
439,b,-0.0994698564245799,-0.7486853403501842,y,p,i,bb,-0.5027833597678316,t,t,1.746452067972846,t,g,-0.30024656637838415,-0.17778434746495636,-
440,b,0.5275711707681323,-0.6044356636604475,y,p,c,bb,-0.5799805956604883,t,f,-0.5412592313176405,t,g,-0.11015758816673618,-0.1115052055423121,-
441,b,-0.16652821178825228,0.05586215217285403,y,p,aa,v,1.9675281887971794,t,f,-0.5412592313176405,f,g,-1.0843636015014322,-0.1827731000827898,-
442,a,0.06278334737730802,0.259030710890793,u,g,d,v,-0.2711916520898619,f,f,-0.5412592313176405,f,g,0.5313927132975758,-0.1827731000827898,-
443,b,0.20390983193415846,-0.7060199430194171,u,g,w,v,-0.2974387122933651,f,f,-0.5412592313176405,f,g,-0.3715299332077522,-0.1827731000827898,-
444,b,0.013769358728821233,2.189132018711213,u,g,c,v,-0.5027833597678316,t,f,-0.5412592313176405,f,g,-0.3715299332077522,-0.1827731000827898,-
445,b,-0.7611587031791534,-0.8665231044065889,u,g,k,v,-0.6185792136068166,f,f,-0.5412592313176405,t,g,0.5789149578504877,-0.1729737645834741,-
446,b,1.780808156383755,-0.6806238731796747,y,p,c,h,2.263965574624981,t,f,-0.5412592313176405,t,g,0.10369251232136781,-0.16495612644767038,-
447,a,-0.1484838450730667,-0.7395427552078769,y,p,x,v,-0.3483888879825185,f,f,-0.5412592313176405,f,g,0.5789149578504877,-0.18045689351022426,-
448,b,-0.3242581491917783,1.5796263425573962,u,g,aa,bb,-0.5799805956604883,f,f,-0.5412592313176405,t,g,3.1926384082606476,-0.1827731000827898,-
449,b,0.09067061678075733,-0.2488906859040544,u,g,k,v,-0.5027833597678316,f,f,-0.5412592313176405,t,g,0.2937814905330158,-0.1827731000827898,-
450,b,-0.9512991763844906,-0.9599806414168407,u,g,d,v,-0.5027833597678316,f,f,-0.5412592313176405,f,g,-0.22896319954901617,-0.1827731000827898,-
451,b,-0.49327190315207803,-0.8502696197091537,u,g,w,v,-0.6062276558639915,f,t,-0.31248810138859184,f,g,0.5313927132975758,-0.10366573714285955,-
452,a,0.46419101303301996,-0.0030567298553482746,u,g,ff,ff,-0.6571778315531449,f,f,-0.5412592313176405,f,g,-0.13391871044319217,-0.1827731000827898,-
453,b,-0.4510184646620031,-0.7822081525386442,u,g,k,v,-0.54138197771416,f,t,-0.08371697145954318,t,g,-0.050754782475596186,-0.1822385908737362,-
454,a,-0.9867920647161537,-0.8248735498694113,u,g,w,v,-0.14304424050805192,f,f,-0.5412592313176405,f,g,0.2224981237036478,-0.1818822514010338,-
455,b,-0.7679192533375652,1.503438133038169,u,g,c,v,0.37263329525489414,f,t,-0.08371697145954318,t,g,-0.015113099060912188,-0.1519497356940332,-
456,b,-0.296370879788329,-0.6978932006706995,u,g,k,h,-0.5799805956604883,f,f,-0.5412592313176405,t,s,-0.25272432182547216,-0.1827731000827898,-
457,b,-1.050172222451266,-0.875665689548896,y,p,c,v,-0.6062276558639915,f,t,-0.31248810138859184,f,g,0.10369251232136781,-0.1825949303464386,-
458,b,0.08391006662234549,1.8843791806343044,y,p,ff,ff,-0.6571778315531449,f,t,-0.08371697145954318,f,g,-0.13391871044319217,-0.1825949303464386,-
459,b,0.04841717829068239,-0.9518538990681231,y,p,m,v,-0.6448262738103198,f,f,-0.5412592313176405,f,g,-1.0843636015014322,-0.1827731000827898,-
460,b,-0.691017995285629,-0.4520592446219934,u,g,ff,ff,-0.6309307713496416,f,f,-0.5412592313176405,t,g,-0.49033554459003215,0.5669651504830356,-
461,b,0.5132050016815067,-0.41853643243353345,u,g,cc,v,-0.6062276558639915,f,f,-0.5412592313176405,t,g,-1.0843636015014322,-0.09351006217084147,-
462,a,0.15405077451586974,-0.62983173350019,u,g,d,v,-0.4904318020250066,f,f,-0.5412592313176405,t,g,-1.0843636015014322,-0.1827731000827898,-
463,a,2.1610891027944295,-0.09651426686560019,y,p,ff,ff,0.8867668862999871,f,f,-0.5412592313176405,t,g,-1.0843636015014322,-0.18206042113738502,-
464,b,-0.8600317492459288,1.0889742732535739,y,p,e,h,-0.2711916520898619,f,f,-0.5412592313176405,f,g,0.4601093464682078,-0.1827731000827898,-
465,b,-1.1980592571665283,-0.2915560832348216,u,g,i,v,-0.553733535456985,f,f,-0.5412592313176405,t,g,-0.25272432182547216,-0.1824167606100874,-
466,a,-0.8879190186493782,0.9782474087522967,u,g,i,v,-0.6448262738103198,f,f,-0.5412592313176405,f,g,0.10369251232136781,-0.004603363731595549,-
467,a,-1.2960872344635022,-0.37587103510276626,u,g,q,v,-0.6309307713496416,f,f,-0.5412592313176405,f,g,-0.3715299332077522,-0.1827731000827898,-
468,b,3.2039039647294794,0.8685363870446099,u,g,ff,ff,0.5779779427293606,f,t,-0.31248810138859184,f,g,-0.6685439616634521,-0.18170408166468263,-
469,b,-0.7822854224241907,0.631845016138211,y,p,i,bb,-0.6062276558639915,f,f,-0.5412592313176405,t,g,0.08912468140187388,-0.1827731000827898,-
470,b,-0.7822854224241907,-0.799477480029669,u,g,w,v,-0.5676290379176632,f,t,-0.31248810138859184,f,g,1.4105542375264477,-0.1323510646954018,-
471,a,1.1613727481192564,-0.028452799695090642,u,g,k,h,-0.3483888879825185,f,f,-0.5412592313176405,t,s,0.34130373508592776,-0.1827731000827898,-
472,b,-0.9512991763844906,-0.7060199430194171,y,p,k,v,-0.6185792136068166,f,f,-0.5412592313176405,f,g,-0.25272432182547216,-0.18206042113738502,-
473,b,-0.9158062880528275,-0.7395427552078769,u,g,q,v,-0.19399441619720528,f,f,-0.5412592313176405,f,g,-0.44281330003712016,-0.18152591192833142,-
474,b,0.5275711707681323,-0.7903348948873617,u,g,e,v,-0.6448262738103198,f,f,-0.5412592313176405,f,g,-0.3715299332077522,-0.1818822514010338,-
475,b,0.36531796696624447,-0.8076042223783865,u,g,k,v,-0.19399441619720528,f,f,-0.5412592313176405,t,g,0.2878412099639018,-0.1827731000827898,-
476,b,-0.8524261303177151,-0.7822081525386442,y,p,c,h,-0.5799805956604883,f,f,-0.5412592313176405,f,g,0.5789149578504877,-0.14642647386714616,-
477,b,-1.0712989416963035,0.20011182886259068,u,g,d,v,-0.4904318020250066,f,f,-0.5412592313176405,f,g,-0.3715299332077522,-0.1827731000827898,-
478,b,0.23179710133760778,0.07313147966387883,y,p,i,bb,-0.32214182777901523,f,f,-0.5412592313176405,t,g,1.7669710716732876,-0.1827731000827898,-
479,a,1.7672870560669312,-0.9599806414168407,y,p,ff,ff,-0.6571778315531449,f,f,-0.5412592313176405,f,g,-1.0843636015014322,-0.1827731000827898,-
480,b,-0.5287647914837411,1.4780420631984268,u,g,k,v,0.037597291480764516,t,t,-0.08371697145954318,t,g,-0.3715299332077522,-0.1818822514010338,-
481,b,0.6475709360799453,-0.6044356636604475,u,g,k,v,-0.5027833597678316,f,f,-0.5412592313176405,t,g,0.6977205692327677,-0.1824167606100874,-
482,b,0.09067061678075733,0.5637835489677014,u,g,e,bb,-0.16774735599370205,t,f,-0.5412592313176405,t,s,1.4105542375264477,-0.1827731000827898,-
483,b,-0.4020044760135163,-0.4093938472912262,y,p,c,v,-0.6309307713496416,f,f,-0.5412592313176405,f,s,-0.6091411559723121,-0.1827731000827898,-
484,b,-1.2681999650600526,-0.9599806414168407,y,p,aa,v,-0.5799805956604883,f,f,-0.5412592313176405,f,g,-0.7279467673545921,-0.1827731000827898,-
485,b,0.30193780923113206,-0.4520592446219934,y,p,w,v,0.2691889991587343,f,f,-0.5412592313176405,f,s,0.10369251232136781,-0.1827731000827898,-
486,a,-0.05721641793450495,1.206812037309978,u,g,q,h,-0.6309307713496416,f,t,2.2039943278309435,t,g,-0.31806740808572614,-0.1822385908737362,-
487,b,0.16165639344408353,-0.5028513843014781,y,p,cc,v,0.4235834709440475,f,f,-0.5412592313176405,t,g,0.10369251232136781,-0.1576511672572714,-
488,b,-0.7755248722657789,1.36833104149074,u,g,k,v,-0.16774735599370205,f,f,-0.5412592313176405,t,g,-0.49033554459003215,0.033168620374857634,-
489,a,-1.3104534035501276,-0.8837924318976136,u,g,c,v,-0.3483888879825185,f,f,-0.5412592313176405,f,g,-0.3715299332077522,-0.1795660448284683,-
490,b,-0.15524439523147854,-0.7060199430194171,u,g,w,v,-0.11679718030454868,f,f,-0.5412592313176405,f,g,0.10369251232136781,-0.1827731000827898,-
491,a,-0.6343983877089285,-0.815730964727104,u,g,w,v,-0.5799805956604883,f,t,-0.31248810138859184,t,g,0.34130373508592776,-0.18206042113738502,-
492,a,1.499400256039856,-0.6552278033399324,u,g,j,j,-0.6571778315531449,t,f,-0.5412592313176405,t,g,-0.49033554459003215,-0.17796251720130754,-
493,b,-0.2608779914566659,-0.8411270345668465,u,g,aa,v,-0.6448262738103198,f,f,-0.5412592313176405,f,g,0.4601093464682078,-0.003890684786190772,-
494,b,-0.2896103296299171,-0.14730640654508492,y,p,i,h,1.1183585939779568,t,t,-0.08371697145954318,t,g,-0.6388425588178821,-0.1827731000827898,-
495,b,-0.47975080283525434,-0.8919191742463312,u,g,k,h,0.4235834709440475,f,f,-0.5412592313176405,t,g,0.9353317919973277,-0.1827731000827898,-
496,a,0.4498248439463943,-0.9010617593886384,u,g,ff,ff,-0.6571778315531449,f,t,1.746452067972846,f,g,0.10369251232136781,-0.1795660448284683,-
497,a,-0.7045390956024528,-0.7060199430194171,u,g,q,v,-0.5799805956604883,f,f,-0.5412592313176405,t,g,-0.3715299332077522,-0.03863378337467365,-
498,b,0.23855765149601962,0.36061499024976246,u,g,aa,v,-0.6185792136068166,t,f,-0.5412592313176405,t,g,1.5471806906160697,-0.1827731000827898,-
499,b,-1.0848200420131273,1.1560198976304932,y,p,aa,v,-0.6185792136068166,t,f,-0.5412592313176405,f,g,-0.3715299332077522,-0.11595944895109195,-
500,b,-0.3876383069268907,2.003232787484299,u,g,i,bb,-0.6571778315531449,f,f,-0.5412592313176405,t,g,-0.026993660199140186,-0.1827731000827898,-
501,b,-0.9935526148745655,0.9873899938946042,u,g,aa,v,-0.41323456613235,f,f,-0.5412592313176405,f,g,-0.6091411559723121,-0.1204136923598718,-
502,b,-0.16652821178825228,-0.9518538990681231,y,p,d,v,0.6551751786220172,f,f,-0.5412592313176405,t,g,1.6481654602910076,-0.1827731000827898,-
503,b,-0.2896103296299171,-0.6552278033399324,u,g,w,v,0.037597291480764516,f,t,-0.31248810138859184,t,g,-0.49033554459003215,-0.1822385908737362,-
504,b,-0.9512991763844906,1.284016089622795,u,g,c,v,-0.03959994441189208,f,f,-0.5412592313176405,t,g,-0.27648544410192816,-0.1827731000827898,-
505,b,-1.092425660941341,-0.7141466853681346,y,p,e,dd,-0.6571778315531449,f,f,-0.5412592313176405,f,g,-0.49033554459003215,-0.1827731000827898,-
506,a,-0.9935526148745655,-0.9264578292283808,u,g,q,v,-0.6448262738103198,f,f,-0.5412592313176405,t,g,1.1729430147618878,-0.1827731000827898,-
507,b,-0.9158062880528275,-0.9599806414168407,u,g,c,v,-0.6571778315531449,f,f,-0.5412592313176405,f,p,0.08912468140187388,-0.1827731000827898,-
508,b,-0.176371114476516,-0.2488906859040544,u,g,w,v,0.4235834709440475,t,t,0.14505415846950548,t,g,0.8699887057370738,-0.1827731000827898,-
509,a,0.8723592288471437,-0.7486853403501842,u,g,aa,v,-0.4518331840786783,f,f,-0.5412592313176405,f,g,0.34130373508592776,-0.14054687256755677,-
510,b,-1.1059467612581646,1.1224970854420335,u,g,c,h,-0.32214182777901523,f,f,-0.5412592313176405,f,g,0.8165261806150478,-0.18045689351022426,-
511,b,-0.014962979444430015,-0.6552278033399324,y,p,w,v,-0.6448262738103198,f,f,-0.5412592313176405,f,s,-0.13391871044319217,-0.1827731000827898,-
512,b,-0.9445386262260786,-0.909188501737356,u,g,q,v,-0.6185792136068166,f,f,-0.5412592313176405,f,g,0.10369251232136781,-0.1827731000827898,-
513,b,-0.6555251069539659,-0.4012671049425086,u,g,ff,ff,0.7323724145146739,f,f,-0.5412592313176405,f,g,-0.13391871044319217,-0.17831885667400993,-
514,a,-0.49327190315207803,-0.7314160128591594,u,g,q,v,-0.2588400943470368,t,t,-0.08371697145954318,f,g,0.10369251232136781,-0.1827731000827898,-
515,b,-0.41637064510014193,1.6812106219163654,u,g,e,dd,-0.6571778315531449,f,f,-0.5412592313176405,t,g,-0.25272432182547216,0.014995307267035818,-
516,b,-1.1693269189932771,0.36061499024976246,u,g,i,v,-0.6185792136068166,f,f,-0.5412592313176405,f,g,-0.7279467673545921,-0.16495612644767038,-
517,b,0.43630374362957064,-0.8076042223783865,y,p,d,v,-0.4765362995643284,f,f,-0.5412592313176405,f,g,0.34130373508592776,-0.1822385908737362,-
518,a,-0.7256658148474903,-0.8919191742463312,u,g,q,v,-0.4255861238751751,f,f,-0.5412592313176405,f,s,-0.13391871044319217,-0.1827731000827898,-
519,b,1.1892600175227057,-0.7568120826989018,u,g,q,v,-0.6185792136068166,f,f,-0.5412592313176405,t,g,0.4779301881755498,-0.1827731000827898,-
520,a,-0.3952439258551045,-0.4439325022732758,y,p,ff,ff,-0.6571778315531449,f,f,-0.5412592313176405,t,g,-0.015113099060912188,-0.17208291590171815,-
521,b,-0.12735712582802922,-0.8248735498694113,u,g,w,v,-0.5799805956604883,f,f,-0.5412592313176405,t,g,0.6977205692327677,-0.1827731000827898,-
522,b,0.31630397831775764,-0.4520592446219934,u,g,i,v,-0.3483888879825185,f,f,-0.5412592313176405,t,g,0.1630953180125078,-0.1827731000827898,-
523,b,0.6053174975898704,-0.8167468075206937,u,g,c,v,-0.54138197771416,f,t,-0.08371697145954318,f,g,0.2521995265492178,-0.09368823190719267,-
524,a,3.2317912341329285,0.259030710890793,u,g,ff,ff,-0.6571778315531449,f,f,-0.5412592313176405,f,s,-1.0843636015014322,-0.1827731000827898,-
525,b,-0.8245388609142658,1.3764577838394572,u,g,i,v,-0.5027833597678316,t,f,-0.5412592313176405,t,g,-0.49033554459003215,-0.1706575580109086,-
526,a,-1.0712989416963035,1.0717049457625487,u,g,d,v,-0.5290304199713349,f,f,-0.5412592313176405,f,g,-0.6091411559723121,-0.17528997115603964,-
527,b,0.20390983193415846,-0.5201207117925029,u,g,c,v,-0.19399441619720528,f,f,-0.5412592313176405,f,p,-0.3715299332077522,-0.1827731000827898,-
528,a,0.04165662813227055,-0.35047496526302385,y,p,j,j,-0.6571778315531449,f,f,-0.5412592313176405,f,g,-0.13391871044319217,-0.1792097053557659,-
529,b,0.6898243745700203,-0.6125624060091651,y,p,m,v,-0.6062276558639915,f,f,-0.5412592313176405,f,s,1.2917486261441677,-0.1827731000827898,-
530,b,0.9779928250723311,-0.7060199430194171,u,g,m,v,3.6272687604892964,f,t,-0.31248810138859184,t,g,1.0066151588266956,-0.16281808961145602,-
531,a,-0.8600317492459288,0.05586215217285403,y,p,ff,ff,-0.6571778315531449,f,f,-0.5412592313176405,f,g,-1.0843636015014322,-0.1827731000827898,-
532,a,-0.9867920647161537,-0.8248735498694113,y,p,c,v,-0.3483888879825185,f,t,-0.31248810138859184,f,g,10.796197536726567,-0.1824167606100874,-
533,b,1.097992590384144,-0.8583963620578713,u,g,m,v,2.662303311831089,t,f,-0.5412592313176405,f,s,1.2917486261441677,-0.1827731000827898,-
534,b,-1.050172222451266,-0.9599806414168407,u,g,q,v,-0.4518331840786783,f,f,-0.5412592313176405,f,g,-0.13391871044319217,-0.1825949303464386,-
535,b,-1.0636933227680898,0.05586215217285403,u,g,q,v,-0.54138197771416,t,t,-0.08371697145954318,f,g,-1.0843636015014322,-0.17600265010144442,-
536,a,-0.5498915107287786,1.8163177134637947,u,g,q,h,-0.19399441619720528,f,f,-0.5412592313176405,f,g,0.5789149578504877,-0.1825949303464386,-
537,b,0.7878523518669939,-0.2915560832348216,u,g,m,v,0.4235834709440475,f,f,-0.5412592313176405,t,s,1.2917486261441677,-0.1827731000827898,-
538,b,0.4286981247013569,-0.1899718038758521,u,g,w,v,-0.2974387122933651,t,f,-0.5412592313176405,t,g,0.10369251232136781,-0.1827731000827898,-
539,a,-0.9445386262260786,-0.7060199430194171,u,g,c,v,-0.6571778315531449,f,f,-0.5412592313176405,f,g,-1.0843636015014322,-0.1827731000827898,-
540,b,-0.8879190186493782,0.07313147966387883,y,p,j,v,-0.5676290379176632,f,f,-0.5412592313176405,f,g,-0.25272432182547216,-0.14998986859417004,-
541,b,-0.38087775676847885,-0.5536435239809628,u,g,d,v,-0.4255861238751751,f,f,-0.5412592313176405,t,g,-0.6091411559723121,-0.1827731000827898,-
542,b,0.1963042130059447,-0.909188501737356,u,g,i,bb,0.5779779427293606,f,f,-0.5412592313176405,t,s,1.4105542375264477,-0.1827731000827898,-
543,a,-0.7189052646890783,0.2925535230792529,u,g,aa,v,-0.6062276558639915,f,f,-0.5412592313176405,f,g,0.2224981237036478,-0.004603363731595549,-
544,a,0.7667256326219564,0.6907638981664133,y,p,k,v,-0.6062276558639915,f,t,-0.08371697145954318,f,g,0.08912468140187388,-0.1795660448284683,-
545,b,0.6965849247284321,-0.62983173350019,u,g,c,v,-0.19399441619720528,f,f,-0.5412592313176405,f,g,-1.0843636015014322,-0.12647146339581242,-
546,a,-1.2614394149016408,-0.9173152440860736,u,g,aa,v,-0.6185792136068166,f,f,-0.5412592313176405,f,g,0.10369251232136781,-0.1825949303464386,-
547,b,-0.9791864457879399,1.0717049457625487,y,p,k,h,-0.3993390636716718,t,f,-0.5412592313176405,t,g,-0.25272432182547216,-0.1827731000827898,-
548,a,0.2106703820925703,-0.8076042223783865,u,g,k,bb,-0.3483888879825185,t,t,0.14505415846950548,t,g,0.17497587915073579,-0.1827731000827898,-
549,b,-0.4721451839070406,-0.5109781266501957,y,p,aa,v,0.5779779427293606,t,f,-0.5412592313176405,f,g,0.03240914549199981,-0.1827731000827898,-
550,b,-0.5076380722387037,-0.7568120826989018,u,g,aa,v,-0.5027833597678316,f,f,-0.5412592313176405,f,g,0.10369251232136781,-0.1827731000827898,-
551,a,-0.9158062880528275,1.1732892251215183,y,p,x,h,-0.6571778315531449,f,f,-0.5412592313176405,t,g,-0.16956039385787616,-0.17707166851955158,-
